4.411999999999999886e+02,5.932000000000000455e+02,1.393599999999999909e+03,7.663999999999999773e+02,7.562000000000000455e+02,1.639200000000000045e+03,1.051799999999999955e+03,9.740000000000000000e+02,6.892000000000000455e+02,3.936000000000000227e+02,1.067200000000000045e+03,2.184599999999999909e+03,3.073000000000000000e+03,3.645599999999999909e+03,4.204000000000000000e+03,4.053199999999999818e+03,3.716599999999999909e+03,4.140399999999999636e+03,4.789000000000000000e+03,5.047399999999999636e+03,4.746399999999999636e+03,4.224600000000000364e+03,4.399399999999999636e+03,5.094600000000000364e+03,5.294199999999999818e+03,1.053200000000000045e+03,0.000000000000000000e+00,0.000000000000000000e+00,0.000000000000000000e+00,0.000000000000000000e+00,0.000000000000000000e+00,nan,2.444400000000000091e+03,2.536400000000000091e+03,2.874000000000000000e+03,1.948200000000000045e+03,1.637200000000000045e+03,2.127000000000000000e+03,2.295199999999999818e+03,1.447400000000000091e+03,5.236000000000000227e+02,6.360000000000000142e+01,6.843999999999999773e+02,1.472599999999999909e+03,2.680599999999999909e+03,3.145000000000000000e+03,3.365400000000000091e+03,2.609599999999999909e+03,1.002799999999999955e+03,3.253999999999999773e+02,4.503999999999999773e+02,1.631200000000000045e+03,2.090800000000000182e+03,1.713000000000000000e+03,1.496000000000000000e+03,1.346799999999999955e+03,1.290000000000000000e+03,2.660000000000000000e+02,0.000000000000000000e+00,0.000000000000000000e+00,0.000000000000000000e+00,0.000000000000000000e+00,0.000000000000000000e+00,nan,2.000000000000000000e+01,7.000000000000000000e+01,1.200000000000000000e+02,2.485999999999999943e+02,3.510000000000000000e+02,4.130000000000000000e+02,5.110000000000000000e+02,5.610000000000000000e+02,6.110000000000000000e+02,6.610000000000000000e+02,7.110000000000000000e+02,8.832000000000000455e+02,1.422000000000000000e+03,1.472000000000000000e+03,1.522000000000000000e+03,1.572000000000000000e+03,1.622000000000000000e+03,1.673000000000000000e+03,1.723000000000000000e+03,1.827000000000000000e+03,1.913000000000000000e+03,1.963000000000000000e+03,2.013000000000000000e+03,2.063000000000000000e+03,2.113000000000000000e+03,2.155000000000000000e+03,2.203000000000000000e+03,2.253000000000000000e+03,2.303000000000000000e+03,2.353000000000000000e+03,2.403000000000000000e+03,nan
5.607999999999999545e+02,1.389000000000000000e+03,1.142799999999999955e+03,1.978000000000000114e+02,1.105799999999999955e+03,1.598799999999999955e+03,1.215200000000000045e+03,1.135599999999999909e+03,9.212000000000000455e+02,1.183200000000000045e+03,2.068800000000000182e+03,2.994000000000000000e+03,3.439000000000000000e+03,4.054199999999999818e+03,3.980800000000000182e+03,3.696000000000000000e+03,4.032800000000000182e+03,4.723600000000000364e+03,4.738199999999999818e+03,4.320399999999999636e+03,4.326000000000000000e+03,9.402000000000000455e+02,0.000000000000000000e+00,0.000000000000000000e+00,0.000000000000000000e+00,0.000000000000000000e+00,0.000000000000000000e+00,0.000000000000000000e+00,0.000000000000000000e+00,0.000000000000000000e+00,0.000000000000000000e+00,nan,1.928400000000000091e+03,2.261800000000000182e+03,1.690000000000000000e+03,6.422000000000000455e+02,1.051000000000000000e+03,1.458599999999999909e+03,1.628400000000000091e+03,9.050000000000000000e+02,1.277999999999999972e+02,9.159999999999999432e+01,4.850000000000000000e+02,1.705000000000000000e+03,2.214599999999999909e+03,2.423199999999999818e+03,1.831599999999999909e+03,7.953999999999999773e+02,3.448000000000000114e+02,4.808000000000000114e+02,1.889400000000000091e+03,1.564400000000000091e+03,1.292200000000000045e+03,2.440000000000000000e+02,0.000000000000000000e+00,0.000000000000000000e+00,0.000000000000000000e+00,0.000000000000000000e+00,0.000000000000000000e+00,0.000000000000000000e+00,0.000000000000000000e+00,0.000000000000000000e+00,0.000000000000000000e+00,nan,2.000000000000000000e+01,7.000000000000000000e+01,1.760000000000000000e+02,3.100000000000000000e+02,3.600000000000000000e+02,4.500000000000000000e+02,5.600000000000000000e+02,6.100000000000000000e+02,6.600000000000000000e+02,7.100000000000000000e+02,7.600000000000000000e+02,1.227599999999999909e+03,1.382000000000000000e+03,1.432000000000000000e+03,1.482000000000000000e+03,1.532000000000000000e+03,1.582000000000000000e+03,1.632000000000000000e+03,1.792000000000000000e+03,1.842000000000000000e+03,1.892000000000000000e+03,1.934000000000000000e+03,1.982000000000000000e+03,2.032000000000000000e+03,2.082000000000000000e+03,2.132000000000000000e+03,2.182000000000000000e+03,2.232000000000000000e+03,2.282000000000000000e+03,2.332000000000000000e+03,2.382000000000000000e+03,nan
3.553999999999999773e+02,7.856000000000000227e+02,1.532000000000000000e+03,1.604000000000000057e+02,3.708000000000000114e+02,1.510400000000000091e+03,1.102599999999999909e+03,8.956000000000000227e+02,8.613999999999999773e+02,1.311799999999999955e+03,2.754000000000000000e+03,3.169800000000000182e+03,3.920400000000000091e+03,3.918800000000000182e+03,3.514000000000000000e+03,3.929599999999999909e+03,4.720199999999999818e+03,4.545800000000000182e+03,4.108000000000000000e+03,4.351399999999999636e+03,3.905000000000000000e+03,0.000000000000000000e+00,0.000000000000000000e+00,0.000000000000000000e+00,0.000000000000000000e+00,0.000000000000000000e+00,0.000000000000000000e+00,0.000000000000000000e+00,0.000000000000000000e+00,0.000000000000000000e+00,0.000000000000000000e+00,nan,1.945200000000000045e+03,2.220800000000000182e+03,2.481199999999999818e+03,8.940000000000000000e+02,9.422000000000000455e+02,1.432000000000000000e+03,1.759000000000000000e+03,9.516000000000000227e+02,1.054000000000000057e+02,2.141999999999999886e+02,1.807200000000000045e+03,2.343599999999999909e+03,2.602599999999999909e+03,1.895200000000000045e+03,6.806000000000000227e+02,2.993999999999999773e+02,7.606000000000000227e+02,1.748200000000000045e+03,1.358400000000000091e+03,1.090000000000000000e+03,8.106000000000000227e+02,0.000000000000000000e+00,0.000000000000000000e+00,0.000000000000000000e+00,0.000000000000000000e+00,0.000000000000000000e+00,0.000000000000000000e+00,0.000000000000000000e+00,0.000000000000000000e+00,0.000000000000000000e+00,0.000000000000000000e+00,nan,2.000000000000000000e+01,7.000000000000000000e+01,1.200000000000000000e+02,2.500000000000000000e+02,3.000000000000000000e+02,3.500000000000000000e+02,4.700000000000000000e+02,5.200000000000000000e+02,5.700000000000000000e+02,6.200000000000000000e+02,1.006799999999999955e+03,1.141000000000000000e+03,1.191000000000000000e+03,1.241000000000000000e+03,1.291000000000000000e+03,1.341000000000000000e+03,1.407200000000000045e+03,1.522000000000000000e+03,1.572000000000000000e+03,1.622000000000000000e+03,1.670000000000000000e+03,1.712000000000000000e+03,1.762000000000000000e+03,1.812000000000000000e+03,1.862000000000000000e+03,1.912000000000000000e+03,1.962000000000000000e+03,2.012000000000000000e+03,2.062000000000000000e+03,2.112000000000000000e+03,2.162000000000000000e+03,nan
4.443999999999999773e+02,1.003600000000000023e+03,1.405200000000000045e+03,9.420000000000000284e+01,1.059000000000000000e+03,1.702000000000000000e+03,1.085799999999999955e+03,9.357999999999999545e+02,1.175400000000000091e+03,2.096000000000000000e+03,3.349199999999999818e+03,4.090400000000000091e+03,4.771399999999999636e+03,4.583600000000000364e+03,4.487000000000000000e+03,5.130600000000000364e+03,5.616600000000000364e+03,5.330399999999999636e+03,5.051399999999999636e+03,5.462399999999999636e+03,3.543800000000000182e+03,0.000000000000000000e+00,0.000000000000000000e+00,0.000000000000000000e+00,0.000000000000000000e+00,0.000000000000000000e+00,0.000000000000000000e+00,0.000000000000000000e+00,0.000000000000000000e+00,0.000000000000000000e+00,0.000000000000000000e+00,nan,2.194400000000000091e+03,2.399599999999999909e+03,2.239800000000000182e+03,7.880000000000000000e+02,1.312000000000000000e+03,1.817799999999999955e+03,1.861000000000000000e+03,7.296000000000000227e+02,3.920000000000000284e+01,4.771999999999999886e+02,1.708799999999999955e+03,2.613800000000000182e+03,2.617599999999999909e+03,1.464799999999999955e+03,4.040000000000000000e+02,2.833999999999999773e+02,1.082599999999999909e+03,1.683799999999999955e+03,1.302000000000000000e+03,1.052799999999999955e+03,6.253999999999999773e+02,0.000000000000000000e+00,0.000000000000000000e+00,0.000000000000000000e+00,0.000000000000000000e+00,0.000000000000000000e+00,0.000000000000000000e+00,0.000000000000000000e+00,0.000000000000000000e+00,0.000000000000000000e+00,0.000000000000000000e+00,nan,2.000000000000000000e+01,7.000000000000000000e+01,1.420000000000000000e+02,2.800000000000000000e+02,3.300000000000000000e+02,4.043999999999999773e+02,4.910000000000000000e+02,5.410000000000000000e+02,5.910000000000000000e+02,6.410000000000000000e+02,8.710000000000000000e+02,1.041000000000000000e+03,1.091000000000000000e+03,1.141000000000000000e+03,1.191000000000000000e+03,1.241000000000000000e+03,1.327400000000000091e+03,1.432000000000000000e+03,1.482000000000000000e+03,1.532000000000000000e+03,1.578000000000000000e+03,1.622000000000000000e+03,1.672000000000000000e+03,1.722000000000000000e+03,1.772000000000000000e+03,1.822000000000000000e+03,1.872000000000000000e+03,1.922000000000000000e+03,1.972000000000000000e+03,2.022000000000000000e+03,2.072000000000000000e+03,nan
6.300000000000000000e+01,6.336000000000000227e+02,1.306200000000000045e+03,1.800000000000000000e+02,9.822000000000000455e+02,8.580000000000000000e+02,7.103999999999999773e+02,2.251999999999999886e+02,1.030000000000000000e+03,2.210199999999999818e+03,2.976800000000000182e+03,3.682400000000000091e+03,4.045000000000000000e+03,3.817199999999999818e+03,4.117000000000000000e+03,4.818600000000000364e+03,4.489600000000000364e+03,4.078199999999999818e+03,4.743800000000000182e+03,0.000000000000000000e+00,0.000000000000000000e+00,0.000000000000000000e+00,0.000000000000000000e+00,0.000000000000000000e+00,0.000000000000000000e+00,0.000000000000000000e+00,0.000000000000000000e+00,0.000000000000000000e+00,0.000000000000000000e+00,0.000000000000000000e+00,0.000000000000000000e+00,nan,1.721799999999999955e+03,2.094599999999999909e+03,2.402000000000000000e+03,9.143999999999999773e+02,1.366000000000000000e+03,1.737400000000000091e+03,8.566000000000000227e+02,6.000000000000000000e+01,6.853999999999999773e+02,1.446799999999999955e+03,2.452000000000000000e+03,2.903800000000000182e+03,2.520599999999999909e+03,1.209599999999999909e+03,6.507999999999999545e+02,1.867799999999999955e+03,2.334599999999999909e+03,1.908200000000000045e+03,1.671200000000000045e+03,0.000000000000000000e+00,0.000000000000000000e+00,0.000000000000000000e+00,0.000000000000000000e+00,0.000000000000000000e+00,0.000000000000000000e+00,0.000000000000000000e+00,0.000000000000000000e+00,0.000000000000000000e+00,0.000000000000000000e+00,0.000000000000000000e+00,0.000000000000000000e+00,nan,2.000000000000000000e+01,7.000000000000000000e+01,1.200000000000000000e+02,3.000000000000000000e+02,3.500000000000000000e+02,5.010000000000000000e+02,5.610000000000000000e+02,6.510000000000000000e+02,7.010000000000000000e+02,8.852000000000000455e+02,1.472000000000000000e+03,1.522000000000000000e+03,1.572000000000000000e+03,1.622000000000000000e+03,1.672000000000000000e+03,1.776599999999999909e+03,1.863000000000000000e+03,1.913000000000000000e+03,1.963000000000000000e+03,2.003000000000000000e+03,2.053000000000000000e+03,2.103000000000000000e+03,2.153000000000000000e+03,2.203000000000000000e+03,2.253000000000000000e+03,2.303000000000000000e+03,2.353000000000000000e+03,2.403000000000000000e+03,2.453000000000000000e+03,2.503000000000000000e+03,2.553000000000000000e+03,nan
4.716000000000000227e+02,1.246599999999999909e+03,1.134599999999999909e+03,4.530000000000000000e+02,1.950000000000000000e+03,1.638400000000000091e+03,1.194400000000000091e+03,1.122599999999999909e+03,1.552400000000000091e+03,2.568000000000000000e+03,3.472000000000000000e+03,4.117399999999999636e+03,4.793199999999999818e+03,4.565199999999999818e+03,4.419199999999999818e+03,5.062399999999999636e+03,5.482800000000000182e+03,5.126600000000000364e+03,4.870800000000000182e+03,5.320800000000000182e+03,2.253400000000000091e+03,0.000000000000000000e+00,0.000000000000000000e+00,0.000000000000000000e+00,0.000000000000000000e+00,0.000000000000000000e+00,0.000000000000000000e+00,0.000000000000000000e+00,0.000000000000000000e+00,0.000000000000000000e+00,0.000000000000000000e+00,nan,2.193199999999999818e+03,2.414000000000000000e+03,1.713200000000000045e+03,7.863999999999999773e+02,1.473599999999999909e+03,1.861400000000000091e+03,1.128400000000000091e+03,1.190000000000000000e+02,1.448000000000000114e+02,6.110000000000000000e+02,1.956400000000000091e+03,2.693800000000000182e+03,2.594800000000000182e+03,1.422400000000000091e+03,4.501999999999999886e+02,2.334000000000000057e+02,1.287200000000000045e+03,1.747599999999999909e+03,1.271799999999999955e+03,1.017000000000000000e+03,4.011999999999999886e+02,0.000000000000000000e+00,0.000000000000000000e+00,0.000000000000000000e+00,0.000000000000000000e+00,0.000000000000000000e+00,0.000000000000000000e+00,0.000000000000000000e+00,0.000000000000000000e+00,0.000000000000000000e+00,0.000000000000000000e+00,nan,2.000000000000000000e+01,7.000000000000000000e+01,1.640000000000000000e+02,2.800000000000000000e+02,3.300000000000000000e+02,4.528000000000000114e+02,5.210000000000000000e+02,5.710000000000000000e+02,6.210000000000000000e+02,6.710000000000000000e+02,1.009000000000000000e+03,1.131000000000000000e+03,1.181000000000000000e+03,1.231000000000000000e+03,1.282000000000000000e+03,1.332000000000000000e+03,1.436000000000000000e+03,1.522000000000000000e+03,1.572000000000000000e+03,1.622000000000000000e+03,1.666000000000000000e+03,1.712000000000000000e+03,1.762000000000000000e+03,1.812000000000000000e+03,1.862000000000000000e+03,1.912000000000000000e+03,1.962000000000000000e+03,2.012000000000000000e+03,2.062000000000000000e+03,2.112000000000000000e+03,2.162000000000000000e+03,nan
6.122000000000000455e+02,1.310200000000000045e+03,1.142400000000000091e+03,4.680000000000000000e+02,1.848599999999999909e+03,1.398400000000000091e+03,1.096799999999999955e+03,1.452000000000000000e+03,2.476599999999999909e+03,3.398199999999999818e+03,3.663000000000000000e+03,4.405600000000000364e+03,4.349000000000000000e+03,4.338800000000000182e+03,5.037199999999999818e+03,5.367600000000000364e+03,4.922800000000000182e+03,4.716199999999999818e+03,5.240000000000000000e+03,1.108000000000000000e+03,0.000000000000000000e+00,0.000000000000000000e+00,0.000000000000000000e+00,0.000000000000000000e+00,0.000000000000000000e+00,0.000000000000000000e+00,0.000000000000000000e+00,0.000000000000000000e+00,0.000000000000000000e+00,0.000000000000000000e+00,0.000000000000000000e+00,nan,2.349000000000000000e+03,2.669000000000000000e+03,1.861400000000000091e+03,8.070000000000000000e+02,1.438000000000000000e+03,1.814599999999999909e+03,6.436000000000000227e+02,2.339999999999999858e+01,3.483999999999999773e+02,1.574200000000000045e+03,2.615199999999999818e+03,2.657800000000000182e+03,1.515000000000000000e+03,4.880000000000000000e+02,2.851999999999999886e+02,1.478400000000000091e+03,1.892599999999999909e+03,1.370400000000000091e+03,1.093200000000000045e+03,2.161999999999999886e+02,0.000000000000000000e+00,0.000000000000000000e+00,0.000000000000000000e+00,0.000000000000000000e+00,0.000000000000000000e+00,0.000000000000000000e+00,0.000000000000000000e+00,0.000000000000000000e+00,0.000000000000000000e+00,0.000000000000000000e+00,0.000000000000000000e+00,nan,2.000000000000000000e+01,7.000000000000000000e+01,1.680000000000000000e+02,2.900000000000000000e+02,3.400000000000000000e+02,4.810000000000000000e+02,5.310000000000000000e+02,5.810000000000000000e+02,6.310000000000000000e+02,8.310000000000000000e+02,9.810000000000000000e+02,1.031000000000000000e+03,1.081000000000000000e+03,1.131000000000000000e+03,1.181000000000000000e+03,1.285599999999999909e+03,1.372000000000000000e+03,1.422000000000000000e+03,1.472000000000000000e+03,1.514000000000000000e+03,1.562000000000000000e+03,1.612000000000000000e+03,1.662000000000000000e+03,1.712000000000000000e+03,1.762000000000000000e+03,1.812000000000000000e+03,1.862000000000000000e+03,1.912000000000000000e+03,1.962000000000000000e+03,2.012000000000000000e+03,2.062000000000000000e+03,nan
1.901999999999999886e+02,6.456000000000000227e+02,9.622000000000000455e+02,4.633999999999999773e+02,1.752599999999999909e+03,1.070400000000000091e+03,9.007999999999999545e+02,1.053599999999999909e+03,2.149599999999999909e+03,3.303199999999999818e+03,3.750800000000000182e+03,4.256399999999999636e+03,4.633800000000000182e+03,4.347000000000000000e+03,4.609800000000000182e+03,5.331600000000000364e+03,5.418000000000000000e+03,4.826800000000000182e+03,5.017000000000000000e+03,5.695399999999999636e+03,0.000000000000000000e+00,0.000000000000000000e+00,0.000000000000000000e+00,0.000000000000000000e+00,0.000000000000000000e+00,0.000000000000000000e+00,0.000000000000000000e+00,0.000000000000000000e+00,0.000000000000000000e+00,0.000000000000000000e+00,0.000000000000000000e+00,nan,2.594000000000000000e+03,2.846800000000000182e+03,2.136400000000000091e+03,1.081400000000000091e+03,1.645400000000000091e+03,2.045200000000000045e+03,8.056000000000000227e+02,3.279999999999999716e+01,4.491999999999999886e+02,9.296000000000000227e+02,2.717000000000000000e+03,3.030400000000000091e+03,2.586800000000000182e+03,1.016600000000000023e+03,2.191999999999999886e+02,2.823999999999999773e+02,2.162000000000000000e+03,1.704400000000000091e+03,1.336799999999999955e+03,1.180400000000000091e+03,0.000000000000000000e+00,0.000000000000000000e+00,0.000000000000000000e+00,0.000000000000000000e+00,0.000000000000000000e+00,0.000000000000000000e+00,0.000000000000000000e+00,0.000000000000000000e+00,0.000000000000000000e+00,0.000000000000000000e+00,0.000000000000000000e+00,nan,2.000000000000000000e+01,7.000000000000000000e+01,1.720000000000000000e+02,3.000000000000000000e+02,3.500000000000000000e+02,5.000000000000000000e+02,5.500000000000000000e+02,6.000000000000000000e+02,6.500000000000000000e+02,7.000000000000000000e+02,9.610000000000000000e+02,1.011000000000000000e+03,1.061000000000000000e+03,1.111000000000000000e+03,1.161000000000000000e+03,1.211000000000000000e+03,1.362000000000000000e+03,1.412000000000000000e+03,1.462000000000000000e+03,1.512000000000000000e+03,1.552000000000000000e+03,1.602000000000000000e+03,1.652000000000000000e+03,1.702000000000000000e+03,1.752000000000000000e+03,1.802000000000000000e+03,1.852000000000000000e+03,1.902000000000000000e+03,1.952000000000000000e+03,2.002000000000000000e+03,2.052000000000000000e+03,nan
1.541999999999999886e+02,8.982000000000000455e+02,8.356000000000000227e+02,5.372000000000000455e+02,1.505799999999999955e+03,1.052200000000000045e+03,1.030599999999999909e+03,6.153999999999999773e+02,7.843999999999999773e+02,2.150599999999999909e+03,3.066599999999999909e+03,3.166000000000000000e+03,3.838400000000000091e+03,4.056000000000000000e+03,3.934400000000000091e+03,4.204000000000000000e+03,4.608000000000000000e+03,4.538600000000000364e+03,4.043599999999999909e+03,4.289199999999999818e+03,5.006600000000000364e+03,0.000000000000000000e+00,0.000000000000000000e+00,0.000000000000000000e+00,0.000000000000000000e+00,0.000000000000000000e+00,0.000000000000000000e+00,0.000000000000000000e+00,0.000000000000000000e+00,0.000000000000000000e+00,0.000000000000000000e+00,nan,2.598199999999999818e+03,2.808000000000000000e+03,2.272199999999999818e+03,1.524799999999999955e+03,1.920599999999999909e+03,1.860000000000000000e+03,1.010799999999999955e+03,4.018000000000000114e+02,3.926000000000000227e+02,8.112000000000000455e+02,1.356200000000000045e+03,2.979199999999999818e+03,3.153800000000000182e+03,2.525400000000000091e+03,1.021600000000000023e+03,1.095999999999999943e+02,5.137999999999999545e+02,2.287199999999999818e+03,1.865200000000000045e+03,1.479599999999999909e+03,1.189000000000000000e+03,0.000000000000000000e+00,0.000000000000000000e+00,0.000000000000000000e+00,0.000000000000000000e+00,0.000000000000000000e+00,0.000000000000000000e+00,0.000000000000000000e+00,0.000000000000000000e+00,0.000000000000000000e+00,0.000000000000000000e+00,nan,2.000000000000000000e+01,7.000000000000000000e+01,1.564000000000000057e+02,2.610000000000000000e+02,3.290000000000000000e+02,4.510000000000000000e+02,5.010000000000000000e+02,5.750000000000000000e+02,6.310000000000000000e+02,6.810000000000000000e+02,8.873999999999999773e+02,1.563000000000000000e+03,1.613000000000000000e+03,1.663000000000000000e+03,1.713000000000000000e+03,1.763000000000000000e+03,1.831000000000000000e+03,1.953000000000000000e+03,2.003000000000000000e+03,2.053000000000000000e+03,2.103000000000000000e+03,2.143000000000000000e+03,2.193000000000000000e+03,2.243000000000000000e+03,2.293000000000000000e+03,2.343000000000000000e+03,2.393000000000000000e+03,2.443000000000000000e+03,2.493000000000000000e+03,2.543000000000000000e+03,2.593000000000000000e+03,nan
9.400000000000000000e+01,5.996000000000000227e+02,9.580000000000000000e+02,7.959999999999999432e+01,9.760000000000000000e+02,9.837999999999999545e+02,5.896000000000000227e+02,5.277999999999999545e+02,1.041000000000000000e+03,3.150199999999999818e+03,3.695599999999999909e+03,3.877000000000000000e+03,3.711800000000000182e+03,3.984599999999999909e+03,4.641800000000000182e+03,4.300399999999999636e+03,4.034000000000000000e+03,4.691199999999999818e+03,2.063599999999999909e+03,0.000000000000000000e+00,0.000000000000000000e+00,0.000000000000000000e+00,0.000000000000000000e+00,0.000000000000000000e+00,0.000000000000000000e+00,0.000000000000000000e+00,0.000000000000000000e+00,0.000000000000000000e+00,0.000000000000000000e+00,0.000000000000000000e+00,0.000000000000000000e+00,nan,2.325800000000000182e+03,2.569599999999999909e+03,2.377599999999999909e+03,1.162599999999999909e+03,1.490000000000000000e+03,1.860200000000000045e+03,9.282000000000000455e+02,5.779999999999999716e+01,2.190000000000000000e+02,2.532599999999999909e+03,2.924000000000000000e+03,2.087800000000000182e+03,6.362000000000000455e+02,3.320000000000000284e+01,1.366000000000000000e+03,1.953000000000000000e+03,1.395400000000000091e+03,9.472000000000000455e+02,3.573999999999999773e+02,0.000000000000000000e+00,0.000000000000000000e+00,0.000000000000000000e+00,0.000000000000000000e+00,0.000000000000000000e+00,0.000000000000000000e+00,0.000000000000000000e+00,0.000000000000000000e+00,0.000000000000000000e+00,0.000000000000000000e+00,0.000000000000000000e+00,0.000000000000000000e+00,nan,2.000000000000000000e+01,7.000000000000000000e+01,1.361999999999999886e+02,2.510000000000000000e+02,3.010000000000000000e+02,4.150000000000000000e+02,4.810000000000000000e+02,5.310000000000000000e+02,5.810000000000000000e+02,8.700000000000000000e+02,9.220000000000000000e+02,9.720000000000000000e+02,1.022000000000000000e+03,1.072000000000000000e+03,1.164000000000000000e+03,1.242000000000000000e+03,1.292000000000000000e+03,1.342000000000000000e+03,1.386000000000000000e+03,1.432000000000000000e+03,1.482000000000000000e+03,1.532000000000000000e+03,1.582000000000000000e+03,1.632000000000000000e+03,1.682000000000000000e+03,1.732000000000000000e+03,1.782000000000000000e+03,1.832000000000000000e+03,1.882000000000000000e+03,1.932000000000000000e+03,1.982000000000000000e+03,nan
4.486000000000000227e+02,9.376000000000000227e+02,1.901000000000000000e+03,1.410000000000000000e+02,5.866000000000000227e+02,2.071800000000000182e+03,1.530000000000000000e+03,1.275799999999999955e+03,1.156400000000000091e+03,1.837000000000000000e+03,2.842000000000000000e+03,3.487000000000000000e+03,4.025400000000000091e+03,4.787399999999999636e+03,4.572399999999999636e+03,4.403800000000000182e+03,5.057000000000000000e+03,5.397199999999999818e+03,5.048000000000000000e+03,4.762199999999999818e+03,5.096800000000000182e+03,4.407600000000000364e+03,0.000000000000000000e+00,0.000000000000000000e+00,0.000000000000000000e+00,0.000000000000000000e+00,0.000000000000000000e+00,0.000000000000000000e+00,0.000000000000000000e+00,0.000000000000000000e+00,0.000000000000000000e+00,nan,2.331599999999999909e+03,2.548800000000000182e+03,2.766400000000000091e+03,1.052400000000000091e+03,1.164000000000000000e+03,1.683400000000000091e+03,2.314599999999999909e+03,1.455000000000000000e+03,1.904000000000000057e+02,1.124000000000000057e+02,4.596000000000000227e+02,2.047000000000000000e+03,2.717800000000000182e+03,2.621199999999999818e+03,1.457200000000000045e+03,4.090000000000000000e+02,2.204000000000000057e+02,1.319200000000000045e+03,1.856599999999999909e+03,1.411400000000000091e+03,1.152799999999999955e+03,8.757999999999999545e+02,0.000000000000000000e+00,0.000000000000000000e+00,0.000000000000000000e+00,0.000000000000000000e+00,0.000000000000000000e+00,0.000000000000000000e+00,0.000000000000000000e+00,0.000000000000000000e+00,0.000000000000000000e+00,nan,2.000000000000000000e+01,7.000000000000000000e+01,1.200000000000000000e+02,2.700000000000000000e+02,3.200000000000000000e+02,3.700000000000000000e+02,5.200000000000000000e+02,5.700000000000000000e+02,6.200000000000000000e+02,6.700000000000000000e+02,7.200000000000000000e+02,1.082799999999999955e+03,1.211000000000000000e+03,1.261000000000000000e+03,1.311000000000000000e+03,1.361000000000000000e+03,1.411000000000000000e+03,1.521599999999999909e+03,1.612000000000000000e+03,1.662000000000000000e+03,1.712000000000000000e+03,1.760000000000000000e+03,1.802000000000000000e+03,1.852000000000000000e+03,1.902000000000000000e+03,1.952000000000000000e+03,2.002000000000000000e+03,2.052000000000000000e+03,2.102000000000000000e+03,2.152000000000000000e+03,2.202000000000000000e+03,nan
6.563999999999999773e+02,1.462400000000000091e+03,7.897999999999999545e+02,4.853999999999999773e+02,1.770799999999999955e+03,1.232400000000000091e+03,9.943999999999999773e+02,8.773999999999999773e+02,1.579000000000000000e+03,2.669400000000000091e+03,3.377400000000000091e+03,3.549599999999999909e+03,4.162800000000000182e+03,4.077599999999999909e+03,3.898000000000000000e+03,4.405199999999999818e+03,4.961199999999999818e+03,4.721800000000000182e+03,4.252800000000000182e+03,4.494800000000000182e+03,3.953599999999999909e+03,0.000000000000000000e+00,0.000000000000000000e+00,0.000000000000000000e+00,0.000000000000000000e+00,0.000000000000000000e+00,0.000000000000000000e+00,0.000000000000000000e+00,0.000000000000000000e+00,0.000000000000000000e+00,0.000000000000000000e+00,nan,2.447800000000000182e+03,2.700599999999999909e+03,1.658000000000000000e+03,1.089799999999999955e+03,1.572000000000000000e+03,2.110000000000000000e+03,1.369000000000000000e+03,2.626000000000000227e+02,2.210000000000000000e+02,5.150000000000000000e+02,1.937000000000000000e+03,2.492199999999999818e+03,2.637199999999999818e+03,1.843000000000000000e+03,5.687999999999999545e+02,4.960000000000000142e+01,5.167999999999999545e+02,1.785200000000000045e+03,1.387799999999999955e+03,1.123799999999999955e+03,8.380000000000000000e+02,0.000000000000000000e+00,0.000000000000000000e+00,0.000000000000000000e+00,0.000000000000000000e+00,0.000000000000000000e+00,0.000000000000000000e+00,0.000000000000000000e+00,0.000000000000000000e+00,0.000000000000000000e+00,0.000000000000000000e+00,nan,2.000000000000000000e+01,7.000000000000000000e+01,1.920000000000000000e+02,2.900000000000000000e+02,3.400000000000000000e+02,4.810000000000000000e+02,5.310000000000000000e+02,5.810000000000000000e+02,6.310000000000000000e+02,6.810000000000000000e+02,8.990000000000000000e+02,9.910000000000000000e+02,1.041000000000000000e+03,1.091000000000000000e+03,1.141000000000000000e+03,1.191799999999999955e+03,1.264000000000000000e+03,1.402000000000000000e+03,1.452000000000000000e+03,1.502000000000000000e+03,1.550000000000000000e+03,1.592000000000000000e+03,1.642000000000000000e+03,1.692000000000000000e+03,1.742000000000000000e+03,1.792000000000000000e+03,1.842000000000000000e+03,1.892000000000000000e+03,1.942000000000000000e+03,1.992000000000000000e+03,2.042000000000000000e+03,nan
2.911999999999999886e+02,9.177999999999999545e+02,1.457400000000000091e+03,1.550000000000000000e+02,1.222000000000000000e+03,1.244200000000000045e+03,9.752000000000000455e+02,1.046599999999999909e+03,1.721599999999999909e+03,2.687000000000000000e+03,3.581199999999999818e+03,4.157600000000000364e+03,4.334399999999999636e+03,4.216800000000000182e+03,4.509800000000000182e+03,5.035399999999999636e+03,4.886600000000000364e+03,4.541600000000000364e+03,4.866600000000000364e+03,3.159000000000000000e+03,0.000000000000000000e+00,0.000000000000000000e+00,0.000000000000000000e+00,0.000000000000000000e+00,0.000000000000000000e+00,0.000000000000000000e+00,0.000000000000000000e+00,0.000000000000000000e+00,0.000000000000000000e+00,0.000000000000000000e+00,0.000000000000000000e+00,nan,2.055800000000000182e+03,2.453199999999999818e+03,2.309199999999999818e+03,1.058200000000000045e+03,1.495400000000000091e+03,1.903400000000000091e+03,1.081200000000000045e+03,1.097999999999999972e+02,2.240000000000000000e+02,5.950000000000000000e+02,2.374199999999999818e+03,2.584400000000000091e+03,1.874599999999999909e+03,7.473999999999999773e+02,7.800000000000000000e+01,8.180000000000000000e+02,1.626400000000000091e+03,1.212000000000000000e+03,9.086000000000000227e+02,5.076000000000000227e+02,0.000000000000000000e+00,0.000000000000000000e+00,0.000000000000000000e+00,0.000000000000000000e+00,0.000000000000000000e+00,0.000000000000000000e+00,0.000000000000000000e+00,0.000000000000000000e+00,0.000000000000000000e+00,0.000000000000000000e+00,0.000000000000000000e+00,nan,2.000000000000000000e+01,7.000000000000000000e+01,1.400000000000000000e+02,2.700000000000000000e+02,3.200000000000000000e+02,4.428000000000000114e+02,5.110000000000000000e+02,5.610000000000000000e+02,6.110000000000000000e+02,6.610000000000000000e+02,8.810000000000000000e+02,9.310000000000000000e+02,9.810000000000000000e+02,1.031000000000000000e+03,1.081000000000000000e+03,1.171400000000000091e+03,1.282000000000000000e+03,1.332000000000000000e+03,1.382000000000000000e+03,1.428000000000000000e+03,1.472000000000000000e+03,1.522000000000000000e+03,1.572000000000000000e+03,1.622000000000000000e+03,1.672000000000000000e+03,1.722000000000000000e+03,1.772000000000000000e+03,1.822000000000000000e+03,1.872000000000000000e+03,1.922000000000000000e+03,1.972000000000000000e+03,nan
3.628000000000000114e+02,9.217999999999999545e+02,1.425599999999999909e+03,1.325999999999999943e+02,1.235200000000000045e+03,1.832000000000000000e+03,1.199200000000000045e+03,1.158000000000000000e+03,1.347599999999999909e+03,2.296800000000000182e+03,3.141800000000000182e+03,3.759800000000000182e+03,4.383600000000000364e+03,4.351600000000000364e+03,4.234000000000000000e+03,4.686600000000000364e+03,5.212199999999999818e+03,4.764000000000000000e+03,4.552000000000000000e+03,5.229000000000000000e+03,1.114400000000000091e+03,0.000000000000000000e+00,0.000000000000000000e+00,0.000000000000000000e+00,0.000000000000000000e+00,0.000000000000000000e+00,0.000000000000000000e+00,0.000000000000000000e+00,0.000000000000000000e+00,0.000000000000000000e+00,0.000000000000000000e+00,nan,2.500400000000000091e+03,2.670599999999999909e+03,2.427599999999999909e+03,9.433999999999999773e+02,1.299200000000000045e+03,1.771599999999999909e+03,1.883000000000000000e+03,6.277999999999999545e+02,2.480000000000000071e+01,1.434000000000000057e+02,1.129599999999999909e+03,2.757599999999999909e+03,2.822599999999999909e+03,1.846000000000000000e+03,5.770000000000000000e+02,3.379999999999999716e+01,7.997999999999999545e+02,1.655200000000000045e+03,1.199400000000000091e+03,9.142000000000000455e+02,1.800000000000000000e+02,0.000000000000000000e+00,0.000000000000000000e+00,0.000000000000000000e+00,0.000000000000000000e+00,0.000000000000000000e+00,0.000000000000000000e+00,0.000000000000000000e+00,0.000000000000000000e+00,0.000000000000000000e+00,0.000000000000000000e+00,nan,2.000000000000000000e+01,7.000000000000000000e+01,1.401999999999999886e+02,2.710000000000000000e+02,3.210000000000000000e+02,4.070000000000000000e+02,5.110000000000000000e+02,5.610000000000000000e+02,6.110000000000000000e+02,6.610000000000000000e+02,7.873999999999999773e+02,9.520000000000000000e+02,1.002000000000000000e+03,1.052000000000000000e+03,1.102000000000000000e+03,1.152000000000000000e+03,1.246000000000000000e+03,1.362000000000000000e+03,1.412000000000000000e+03,1.462000000000000000e+03,1.504000000000000000e+03,1.552000000000000000e+03,1.602000000000000000e+03,1.652000000000000000e+03,1.702000000000000000e+03,1.752000000000000000e+03,1.802000000000000000e+03,1.852000000000000000e+03,1.902000000000000000e+03,1.952000000000000000e+03,2.002000000000000000e+03,nan
6.626000000000000227e+02,1.354799999999999955e+03,1.276599999999999909e+03,3.646000000000000227e+02,1.761599999999999909e+03,1.614599999999999909e+03,1.241000000000000000e+03,1.276000000000000000e+03,2.080400000000000091e+03,2.946599999999999909e+03,3.497400000000000091e+03,4.137399999999999636e+03,4.089599999999999909e+03,4.132000000000000000e+03,4.672000000000000000e+03,4.930600000000000364e+03,4.350399999999999636e+03,4.243800000000000182e+03,4.875000000000000000e+03,0.000000000000000000e+00,0.000000000000000000e+00,0.000000000000000000e+00,0.000000000000000000e+00,0.000000000000000000e+00,0.000000000000000000e+00,0.000000000000000000e+00,0.000000000000000000e+00,0.000000000000000000e+00,0.000000000000000000e+00,0.000000000000000000e+00,0.000000000000000000e+00,nan,2.443400000000000091e+03,2.674000000000000000e+03,2.086400000000000091e+03,1.222599999999999909e+03,1.587000000000000000e+03,2.029000000000000000e+03,1.344200000000000045e+03,1.845999999999999943e+02,1.160000000000000000e+02,6.733999999999999773e+02,2.638800000000000182e+03,2.676800000000000182e+03,1.610400000000000091e+03,3.961999999999999886e+02,1.980000000000000071e+01,1.192200000000000045e+03,1.617200000000000045e+03,1.157000000000000000e+03,8.910000000000000000e+02,0.000000000000000000e+00,0.000000000000000000e+00,0.000000000000000000e+00,0.000000000000000000e+00,0.000000000000000000e+00,0.000000000000000000e+00,0.000000000000000000e+00,0.000000000000000000e+00,0.000000000000000000e+00,0.000000000000000000e+00,0.000000000000000000e+00,0.000000000000000000e+00,nan,2.000000000000000000e+01,7.000000000000000000e+01,1.640000000000000000e+02,2.800000000000000000e+02,3.300000000000000000e+02,4.448000000000000114e+02,5.110000000000000000e+02,5.610000000000000000e+02,6.110000000000000000e+02,6.990000000000000000e+02,9.010000000000000000e+02,9.510000000000000000e+02,1.001000000000000000e+03,1.051000000000000000e+03,1.101000000000000000e+03,1.211599999999999909e+03,1.302000000000000000e+03,1.352000000000000000e+03,1.402000000000000000e+03,1.442000000000000000e+03,1.492000000000000000e+03,1.542000000000000000e+03,1.592000000000000000e+03,1.642000000000000000e+03,1.692000000000000000e+03,1.742000000000000000e+03,1.792000000000000000e+03,1.842000000000000000e+03,1.892000000000000000e+03,1.942000000000000000e+03,1.992000000000000000e+03,nan
1.421999999999999886e+02,3.960000000000000000e+02,1.442000000000000000e+03,7.840000000000000568e+01,1.000399999999999977e+03,1.637200000000000045e+03,1.131400000000000091e+03,9.790000000000000000e+02,1.315799999999999955e+03,2.340400000000000091e+03,2.941599999999999909e+03,3.271400000000000091e+03,3.967599999999999909e+03,3.761800000000000182e+03,3.859599999999999909e+03,4.468000000000000000e+03,4.930000000000000000e+03,4.439800000000000182e+03,4.286199999999999818e+03,4.829800000000000182e+03,0.000000000000000000e+00,0.000000000000000000e+00,0.000000000000000000e+00,0.000000000000000000e+00,0.000000000000000000e+00,0.000000000000000000e+00,0.000000000000000000e+00,0.000000000000000000e+00,0.000000000000000000e+00,0.000000000000000000e+00,0.000000000000000000e+00,nan,2.276000000000000000e+03,2.362599999999999909e+03,2.543599999999999909e+03,9.870000000000000000e+02,1.198400000000000091e+03,1.702799999999999955e+03,2.018599999999999909e+03,6.543999999999999773e+02,2.519999999999999929e+01,1.961999999999999886e+02,1.422599999999999909e+03,2.494000000000000000e+03,2.292400000000000091e+03,1.069000000000000000e+03,2.721999999999999886e+02,1.445999999999999943e+02,1.581799999999999955e+03,1.632000000000000000e+03,1.091200000000000045e+03,8.057999999999999545e+02,0.000000000000000000e+00,0.000000000000000000e+00,0.000000000000000000e+00,0.000000000000000000e+00,0.000000000000000000e+00,0.000000000000000000e+00,0.000000000000000000e+00,0.000000000000000000e+00,0.000000000000000000e+00,0.000000000000000000e+00,0.000000000000000000e+00,nan,2.000000000000000000e+01,7.000000000000000000e+01,1.200000000000000000e+02,2.710000000000000000e+02,3.210000000000000000e+02,4.070000000000000000e+02,5.110000000000000000e+02,5.610000000000000000e+02,6.110000000000000000e+02,6.610000000000000000e+02,7.590000000000000000e+02,8.410000000000000000e+02,8.910000000000000000e+02,9.410000000000000000e+02,9.910000000000000000e+02,1.041000000000000000e+03,1.139799999999999955e+03,1.202000000000000000e+03,1.252000000000000000e+03,1.302000000000000000e+03,1.342000000000000000e+03,1.392000000000000000e+03,1.442000000000000000e+03,1.492000000000000000e+03,1.542000000000000000e+03,1.592000000000000000e+03,1.642000000000000000e+03,1.692000000000000000e+03,1.742000000000000000e+03,1.792000000000000000e+03,1.842000000000000000e+03,nan
1.074000000000000057e+02,5.962000000000000455e+02,1.432400000000000091e+03,1.651999999999999886e+02,4.681999999999999886e+02,1.762200000000000045e+03,1.414000000000000000e+03,9.876000000000000227e+02,9.722000000000000455e+02,1.750400000000000091e+03,2.791400000000000091e+03,3.113599999999999909e+03,3.847800000000000182e+03,3.798400000000000091e+03,3.735599999999999909e+03,4.265199999999999818e+03,4.716199999999999818e+03,4.095000000000000000e+03,4.032599999999999909e+03,4.668000000000000000e+03,9.860000000000000000e+02,0.000000000000000000e+00,0.000000000000000000e+00,0.000000000000000000e+00,0.000000000000000000e+00,0.000000000000000000e+00,0.000000000000000000e+00,0.000000000000000000e+00,0.000000000000000000e+00,0.000000000000000000e+00,0.000000000000000000e+00,nan,2.190199999999999818e+03,2.250599999999999909e+03,2.093800000000000182e+03,1.193599999999999909e+03,1.121000000000000000e+03,1.420000000000000000e+03,1.933200000000000045e+03,1.446400000000000091e+03,3.326000000000000227e+02,1.085999999999999943e+02,6.386000000000000227e+02,2.351199999999999818e+03,2.336400000000000091e+03,1.362400000000000091e+03,4.058000000000000114e+02,2.460000000000000142e+01,1.334200000000000045e+03,1.269799999999999955e+03,8.123999999999999773e+02,5.760000000000000000e+02,1.124000000000000057e+02,0.000000000000000000e+00,0.000000000000000000e+00,0.000000000000000000e+00,0.000000000000000000e+00,0.000000000000000000e+00,0.000000000000000000e+00,0.000000000000000000e+00,0.000000000000000000e+00,0.000000000000000000e+00,0.000000000000000000e+00,nan,2.000000000000000000e+01,7.000000000000000000e+01,1.360000000000000000e+02,2.500000000000000000e+02,3.000000000000000000e+02,3.500000000000000000e+02,4.510000000000000000e+02,5.010000000000000000e+02,5.510000000000000000e+02,6.010000000000000000e+02,6.710000000000000000e+02,8.010000000000000000e+02,8.510000000000000000e+02,9.010000000000000000e+02,9.510000000000000000e+02,1.001000000000000000e+03,1.123799999999999955e+03,1.192000000000000000e+03,1.242000000000000000e+03,1.292000000000000000e+03,1.334000000000000000e+03,1.382000000000000000e+03,1.432000000000000000e+03,1.482000000000000000e+03,1.532000000000000000e+03,1.582000000000000000e+03,1.632000000000000000e+03,1.682000000000000000e+03,1.732000000000000000e+03,1.782000000000000000e+03,1.832000000000000000e+03,nan
4.911999999999999886e+02,1.406400000000000091e+03,4.610000000000000000e+02,5.250000000000000000e+02,1.635400000000000091e+03,1.055599999999999909e+03,8.413999999999999773e+02,1.468200000000000045e+03,2.604199999999999818e+03,3.119199999999999818e+03,3.906000000000000000e+03,4.028400000000000091e+03,3.884000000000000000e+03,4.301600000000000364e+03,4.808000000000000000e+03,4.294600000000000364e+03,4.021599999999999909e+03,4.600399999999999636e+03,9.860000000000000000e+02,0.000000000000000000e+00,0.000000000000000000e+00,0.000000000000000000e+00,0.000000000000000000e+00,0.000000000000000000e+00,0.000000000000000000e+00,0.000000000000000000e+00,0.000000000000000000e+00,0.000000000000000000e+00,0.000000000000000000e+00,0.000000000000000000e+00,0.000000000000000000e+00,nan,2.630000000000000000e+03,2.708199999999999818e+03,1.753400000000000091e+03,1.437599999999999909e+03,1.702599999999999909e+03,2.060599999999999909e+03,8.377999999999999545e+02,2.230000000000000000e+02,7.423999999999999773e+02,2.557199999999999818e+03,2.661199999999999818e+03,1.774200000000000045e+03,6.180000000000000000e+02,4.900000000000000000e+01,7.866000000000000227e+02,1.521599999999999909e+03,1.052599999999999909e+03,7.122000000000000455e+02,1.295999999999999943e+02,0.000000000000000000e+00,0.000000000000000000e+00,0.000000000000000000e+00,0.000000000000000000e+00,0.000000000000000000e+00,0.000000000000000000e+00,0.000000000000000000e+00,0.000000000000000000e+00,0.000000000000000000e+00,0.000000000000000000e+00,0.000000000000000000e+00,0.000000000000000000e+00,nan,2.000000000000000000e+01,7.000000000000000000e+01,1.920000000000000000e+02,2.600000000000000000e+02,3.281999999999999886e+02,4.510000000000000000e+02,5.010000000000000000e+02,5.510000000000000000e+02,6.250000000000000000e+02,7.710000000000000000e+02,8.210000000000000000e+02,8.710000000000000000e+02,9.210000000000000000e+02,9.710000000000000000e+02,1.061400000000000091e+03,1.172000000000000000e+03,1.222000000000000000e+03,1.272000000000000000e+03,1.314000000000000000e+03,1.362000000000000000e+03,1.412000000000000000e+03,1.462000000000000000e+03,1.512000000000000000e+03,1.562000000000000000e+03,1.612000000000000000e+03,1.662000000000000000e+03,1.712000000000000000e+03,1.762000000000000000e+03,1.812000000000000000e+03,1.862000000000000000e+03,1.912000000000000000e+03,nan
2.778000000000000114e+02,9.123999999999999773e+02,1.096799999999999955e+03,1.604000000000000057e+02,1.346200000000000045e+03,1.314200000000000045e+03,8.710000000000000000e+02,1.016399999999999977e+03,1.906799999999999955e+03,2.988599999999999909e+03,3.546800000000000182e+03,4.139800000000000182e+03,3.972199999999999818e+03,3.956400000000000091e+03,4.498399999999999636e+03,4.741800000000000182e+03,4.190800000000000182e+03,4.546600000000000364e+03,1.965799999999999955e+03,0.000000000000000000e+00,0.000000000000000000e+00,0.000000000000000000e+00,0.000000000000000000e+00,0.000000000000000000e+00,0.000000000000000000e+00,0.000000000000000000e+00,0.000000000000000000e+00,0.000000000000000000e+00,0.000000000000000000e+00,0.000000000000000000e+00,0.000000000000000000e+00,nan,2.415800000000000182e+03,2.453800000000000182e+03,2.110800000000000182e+03,1.421000000000000000e+03,1.522599999999999909e+03,2.006200000000000045e+03,1.442599999999999909e+03,4.201999999999999886e+02,2.145999999999999943e+02,1.559200000000000045e+03,2.650599999999999909e+03,2.475599999999999909e+03,1.378599999999999909e+03,3.550000000000000000e+02,2.280000000000000071e+01,1.398799999999999955e+03,1.300799999999999955e+03,8.886000000000000227e+02,2.948000000000000114e+02,0.000000000000000000e+00,0.000000000000000000e+00,0.000000000000000000e+00,0.000000000000000000e+00,0.000000000000000000e+00,0.000000000000000000e+00,0.000000000000000000e+00,0.000000000000000000e+00,0.000000000000000000e+00,0.000000000000000000e+00,0.000000000000000000e+00,0.000000000000000000e+00,nan,2.000000000000000000e+01,7.000000000000000000e+01,1.560000000000000000e+02,2.600000000000000000e+02,3.100000000000000000e+02,4.400000000000000000e+02,5.100000000000000000e+02,5.600000000000000000e+02,6.100000000000000000e+02,7.446000000000000227e+02,8.510000000000000000e+02,9.010000000000000000e+02,9.510000000000000000e+02,1.001000000000000000e+03,1.051000000000000000e+03,1.173000000000000000e+03,1.241000000000000000e+03,1.291000000000000000e+03,1.335000000000000000e+03,1.381000000000000000e+03,1.431000000000000000e+03,1.481000000000000000e+03,1.531000000000000000e+03,1.581000000000000000e+03,1.631000000000000000e+03,1.681000000000000000e+03,1.731000000000000000e+03,1.781000000000000000e+03,1.831000000000000000e+03,1.881000000000000000e+03,1.931000000000000000e+03,nan
3.596000000000000227e+02,1.137400000000000091e+03,1.194400000000000091e+03,2.796000000000000227e+02,1.461000000000000000e+03,1.341000000000000000e+03,9.156000000000000227e+02,1.057400000000000091e+03,2.033799999999999955e+03,2.957199999999999818e+03,3.430800000000000182e+03,4.101399999999999636e+03,3.964199999999999818e+03,4.134600000000000364e+03,4.777399999999999636e+03,5.017600000000000364e+03,4.476199999999999818e+03,4.575800000000000182e+03,5.262399999999999636e+03,0.000000000000000000e+00,0.000000000000000000e+00,0.000000000000000000e+00,0.000000000000000000e+00,0.000000000000000000e+00,0.000000000000000000e+00,0.000000000000000000e+00,0.000000000000000000e+00,0.000000000000000000e+00,0.000000000000000000e+00,0.000000000000000000e+00,0.000000000000000000e+00,nan,2.520000000000000000e+03,2.528000000000000000e+03,2.110599999999999909e+03,1.413200000000000045e+03,1.578400000000000091e+03,2.068800000000000182e+03,1.542799999999999955e+03,2.148000000000000114e+02,3.939999999999999858e+01,1.486400000000000091e+03,2.670599999999999909e+03,2.432800000000000182e+03,1.251599999999999909e+03,3.650000000000000000e+02,1.690000000000000000e+02,2.019400000000000091e+03,1.593200000000000045e+03,1.180599999999999909e+03,9.400000000000000000e+02,0.000000000000000000e+00,0.000000000000000000e+00,0.000000000000000000e+00,0.000000000000000000e+00,0.000000000000000000e+00,0.000000000000000000e+00,0.000000000000000000e+00,0.000000000000000000e+00,0.000000000000000000e+00,0.000000000000000000e+00,0.000000000000000000e+00,0.000000000000000000e+00,nan,2.000000000000000000e+01,7.000000000000000000e+01,1.600000000000000000e+02,2.700000000000000000e+02,3.200000000000000000e+02,4.420000000000000000e+02,5.100000000000000000e+02,5.600000000000000000e+02,6.100000000000000000e+02,7.266000000000000227e+02,8.210000000000000000e+02,8.710000000000000000e+02,9.210000000000000000e+02,9.710000000000000000e+02,1.021000000000000000e+03,1.161000000000000000e+03,1.211000000000000000e+03,1.261000000000000000e+03,1.311000000000000000e+03,1.351000000000000000e+03,1.401000000000000000e+03,1.451000000000000000e+03,1.501000000000000000e+03,1.551000000000000000e+03,1.601000000000000000e+03,1.651000000000000000e+03,1.701000000000000000e+03,1.751000000000000000e+03,1.801000000000000000e+03,1.851000000000000000e+03,1.901000000000000000e+03,nan
2.100000000000000000e+01,3.858000000000000114e+02,5.662000000000000455e+02,1.264000000000000057e+02,5.623999999999999773e+02,9.236000000000000227e+02,7.060000000000000000e+02,6.302000000000000455e+02,3.896000000000000227e+02,2.074000000000000057e+02,4.623999999999999773e+02,1.214799999999999955e+03,2.343000000000000000e+03,2.795599999999999909e+03,3.265000000000000000e+03,3.601000000000000000e+03,3.404400000000000091e+03,3.559800000000000182e+03,4.190199999999999818e+03,4.485800000000000182e+03,4.184800000000000182e+03,3.672000000000000000e+03,3.734800000000000182e+03,3.702199999999999818e+03,0.000000000000000000e+00,0.000000000000000000e+00,0.000000000000000000e+00,0.000000000000000000e+00,0.000000000000000000e+00,0.000000000000000000e+00,0.000000000000000000e+00,nan,2.099000000000000000e+03,2.251000000000000000e+03,2.043200000000000045e+03,1.243400000000000091e+03,1.465599999999999909e+03,1.879000000000000000e+03,1.969200000000000045e+03,1.363000000000000000e+03,5.502000000000000455e+02,6.720000000000000284e+01,8.959999999999999432e+01,5.372000000000000455e+02,1.836799999999999955e+03,2.502000000000000000e+03,2.747199999999999818e+03,2.688000000000000000e+03,1.712799999999999955e+03,6.256000000000000227e+02,1.440000000000000000e+02,1.878200000000000045e+03,2.140199999999999818e+03,1.650400000000000091e+03,1.274000000000000000e+03,9.212000000000000455e+02,0.000000000000000000e+00,0.000000000000000000e+00,0.000000000000000000e+00,0.000000000000000000e+00,0.000000000000000000e+00,0.000000000000000000e+00,0.000000000000000000e+00,nan,2.000000000000000000e+01,7.000000000000000000e+01,1.564000000000000057e+02,2.610000000000000000e+02,3.110000000000000000e+02,4.010000000000000000e+02,5.110000000000000000e+02,5.610000000000000000e+02,6.110000000000000000e+02,6.610000000000000000e+02,7.110000000000000000e+02,7.610000000000000000e+02,9.316000000000000227e+02,1.062000000000000000e+03,1.112000000000000000e+03,1.162000000000000000e+03,1.212000000000000000e+03,1.262000000000000000e+03,1.312000000000000000e+03,1.466000000000000000e+03,1.542000000000000000e+03,1.592000000000000000e+03,1.642000000000000000e+03,1.690000000000000000e+03,1.732000000000000000e+03,1.782000000000000000e+03,1.832000000000000000e+03,1.882000000000000000e+03,1.932000000000000000e+03,1.982000000000000000e+03,2.032000000000000000e+03,nan
2.219999999999999929e+01,2.340000000000000000e+02,6.952000000000000455e+02,4.720000000000000284e+01,5.326000000000000227e+02,1.166599999999999909e+03,7.156000000000000227e+02,4.873999999999999773e+02,3.480000000000000000e+02,6.216000000000000227e+02,1.567599999999999909e+03,2.757800000000000182e+03,3.393400000000000091e+03,3.612000000000000000e+03,3.381400000000000091e+03,3.082000000000000000e+03,3.328400000000000091e+03,4.226399999999999636e+03,5.216000000000000000e+03,4.521399999999999636e+03,3.947400000000000091e+03,3.404599999999999909e+03,3.976599999999999909e+03,2.007400000000000091e+03,0.000000000000000000e+00,0.000000000000000000e+00,0.000000000000000000e+00,0.000000000000000000e+00,0.000000000000000000e+00,0.000000000000000000e+00,0.000000000000000000e+00,nan,2.490599999999999909e+03,2.573000000000000000e+03,2.646800000000000182e+03,1.545599999999999909e+03,1.735799999999999955e+03,2.148400000000000091e+03,2.066199999999999818e+03,1.144400000000000091e+03,2.205999999999999943e+02,5.600000000000000000e+01,4.888000000000000114e+02,2.424599999999999909e+03,3.053199999999999818e+03,3.061599999999999909e+03,2.355000000000000000e+03,1.108400000000000091e+03,3.576000000000000227e+02,1.301999999999999886e+02,7.000000000000000000e+02,2.354199999999999818e+03,2.006000000000000000e+03,1.412200000000000045e+03,1.138799999999999955e+03,4.996000000000000227e+02,0.000000000000000000e+00,0.000000000000000000e+00,0.000000000000000000e+00,0.000000000000000000e+00,0.000000000000000000e+00,0.000000000000000000e+00,0.000000000000000000e+00,nan,2.000000000000000000e+01,7.000000000000000000e+01,1.340000000000000000e+02,2.400000000000000000e+02,2.900000000000000000e+02,3.560000000000000000e+02,4.700000000000000000e+02,5.200000000000000000e+02,5.700000000000000000e+02,6.200000000000000000e+02,6.700000000000000000e+02,9.127999999999999545e+02,1.011000000000000000e+03,1.061000000000000000e+03,1.111000000000000000e+03,1.161000000000000000e+03,1.211000000000000000e+03,1.261000000000000000e+03,1.311000000000000000e+03,1.502000000000000000e+03,1.552000000000000000e+03,1.602000000000000000e+03,1.652000000000000000e+03,1.696000000000000000e+03,1.742000000000000000e+03,1.792000000000000000e+03,1.842000000000000000e+03,1.892000000000000000e+03,1.942000000000000000e+03,1.992000000000000000e+03,2.042000000000000000e+03,nan
3.060000000000000142e+01,4.686000000000000227e+02,7.026000000000000227e+02,2.095999999999999943e+02,8.096000000000000227e+02,1.147599999999999909e+03,9.352000000000000455e+02,8.240000000000000000e+02,6.103999999999999773e+02,6.096000000000000227e+02,1.129200000000000045e+03,2.087199999999999818e+03,3.006000000000000000e+03,3.263800000000000182e+03,3.759000000000000000e+03,4.277399999999999636e+03,4.160800000000000182e+03,3.808199999999999818e+03,3.769000000000000000e+03,4.434800000000000182e+03,5.386199999999999818e+03,5.070199999999999818e+03,4.639600000000000364e+03,4.110800000000000182e+03,4.533600000000000364e+03,6.025399999999999636e+03,0.000000000000000000e+00,0.000000000000000000e+00,0.000000000000000000e+00,0.000000000000000000e+00,0.000000000000000000e+00,nan,2.280599999999999909e+03,2.494400000000000091e+03,2.206400000000000091e+03,1.230799999999999955e+03,1.499599999999999909e+03,2.131400000000000091e+03,2.071800000000000182e+03,1.269200000000000045e+03,3.903999999999999773e+02,1.980000000000000071e+01,2.448000000000000114e+02,8.363999999999999773e+02,2.017599999999999909e+03,2.593199999999999818e+03,2.877199999999999818e+03,3.069199999999999818e+03,2.684199999999999818e+03,1.661200000000000045e+03,7.970000000000000000e+02,6.057999999999999545e+02,9.642000000000000455e+02,2.478599999999999909e+03,2.370000000000000000e+03,1.952599999999999909e+03,1.750200000000000045e+03,1.793000000000000000e+03,0.000000000000000000e+00,0.000000000000000000e+00,0.000000000000000000e+00,0.000000000000000000e+00,0.000000000000000000e+00,nan,2.000000000000000000e+01,7.000000000000000000e+01,1.600000000000000000e+02,2.700000000000000000e+02,3.200000000000000000e+02,4.300000000000000000e+02,5.200000000000000000e+02,5.700000000000000000e+02,6.200000000000000000e+02,6.700000000000000000e+02,7.200000000000000000e+02,7.700000000000000000e+02,9.526000000000000227e+02,1.091000000000000000e+03,1.141000000000000000e+03,1.191000000000000000e+03,1.241000000000000000e+03,1.291000000000000000e+03,1.341000000000000000e+03,1.391000000000000000e+03,1.441000000000000000e+03,1.602000000000000000e+03,1.652000000000000000e+03,1.702000000000000000e+03,1.752000000000000000e+03,1.802000000000000000e+03,1.842000000000000000e+03,1.892000000000000000e+03,1.942000000000000000e+03,1.992000000000000000e+03,2.042000000000000000e+03,nan
2.300000000000000000e+01,2.465999999999999943e+02,6.562000000000000455e+02,9.620000000000000284e+01,5.910000000000000000e+02,1.049599999999999909e+03,8.042000000000000455e+02,7.020000000000000000e+02,5.326000000000000227e+02,4.830000000000000000e+02,8.957999999999999545e+02,1.736799999999999955e+03,2.886400000000000091e+03,3.375000000000000000e+03,3.906599999999999909e+03,4.411000000000000000e+03,4.373399999999999636e+03,4.023000000000000000e+03,4.022400000000000091e+03,4.658399999999999636e+03,5.214199999999999818e+03,4.942199999999999818e+03,4.645000000000000000e+03,4.469199999999999818e+03,5.098000000000000000e+03,2.339400000000000091e+03,0.000000000000000000e+00,0.000000000000000000e+00,0.000000000000000000e+00,0.000000000000000000e+00,0.000000000000000000e+00,nan,2.487400000000000091e+03,2.653199999999999818e+03,2.687599999999999909e+03,1.405599999999999909e+03,1.635000000000000000e+03,2.097000000000000000e+03,2.169199999999999818e+03,1.477599999999999909e+03,5.570000000000000000e+02,3.979999999999999716e+01,1.601999999999999886e+02,6.616000000000000227e+02,2.038000000000000000e+03,2.766400000000000091e+03,2.969000000000000000e+03,3.128400000000000091e+03,2.748800000000000182e+03,1.711400000000000091e+03,8.070000000000000000e+02,5.802000000000000455e+02,1.484000000000000000e+03,2.528400000000000091e+03,2.221199999999999818e+03,1.854599999999999909e+03,1.703799999999999955e+03,6.650000000000000000e+02,0.000000000000000000e+00,0.000000000000000000e+00,0.000000000000000000e+00,0.000000000000000000e+00,0.000000000000000000e+00,nan,2.000000000000000000e+01,7.000000000000000000e+01,1.360000000000000000e+02,2.500000000000000000e+02,3.000000000000000000e+02,3.820000000000000000e+02,4.800000000000000000e+02,5.300000000000000000e+02,5.800000000000000000e+02,6.300000000000000000e+02,6.800000000000000000e+02,7.300000000000000000e+02,9.606000000000000227e+02,1.131000000000000000e+03,1.181000000000000000e+03,1.231000000000000000e+03,1.281000000000000000e+03,1.331000000000000000e+03,1.381000000000000000e+03,1.431000000000000000e+03,1.549400000000000091e+03,1.702000000000000000e+03,1.752000000000000000e+03,1.802000000000000000e+03,1.852000000000000000e+03,1.896000000000000000e+03,1.942000000000000000e+03,1.992000000000000000e+03,2.042000000000000000e+03,2.092000000000000000e+03,2.142000000000000000e+03,nan
2.254000000000000057e+02,7.633999999999999773e+02,1.339200000000000045e+03,1.631999999999999886e+02,2.896000000000000227e+02,1.040200000000000045e+03,1.175799999999999955e+03,9.693999999999999773e+02,7.473999999999999773e+02,5.263999999999999773e+02,3.200000000000000000e+02,8.463999999999999773e+02,2.026599999999999909e+03,2.684400000000000091e+03,3.014800000000000182e+03,3.373800000000000182e+03,3.435199999999999818e+03,3.321599999999999909e+03,3.378400000000000091e+03,3.767400000000000091e+03,4.321800000000000182e+03,4.498000000000000000e+03,4.289800000000000182e+03,3.703800000000000182e+03,3.595800000000000182e+03,1.616599999999999909e+03,0.000000000000000000e+00,0.000000000000000000e+00,0.000000000000000000e+00,0.000000000000000000e+00,0.000000000000000000e+00,nan,1.732799999999999955e+03,2.017599999999999909e+03,2.219000000000000000e+03,9.157999999999999545e+02,8.266000000000000227e+02,1.271200000000000045e+03,1.684599999999999909e+03,1.552599999999999909e+03,7.253999999999999773e+02,1.765999999999999943e+02,3.639999999999999858e+01,5.066000000000000227e+02,1.338599999999999909e+03,1.996400000000000091e+03,2.223599999999999909e+03,2.376199999999999818e+03,2.130800000000000182e+03,1.361400000000000091e+03,5.497999999999999545e+02,2.576000000000000227e+02,6.562000000000000455e+02,1.777400000000000091e+03,1.814200000000000045e+03,1.438599999999999909e+03,1.171599999999999909e+03,4.790000000000000000e+02,0.000000000000000000e+00,0.000000000000000000e+00,0.000000000000000000e+00,0.000000000000000000e+00,0.000000000000000000e+00,nan,2.000000000000000000e+01,7.000000000000000000e+01,1.200000000000000000e+02,2.400000000000000000e+02,2.900000000000000000e+02,3.400000000000000000e+02,4.440000000000000000e+02,5.300000000000000000e+02,5.800000000000000000e+02,6.366000000000000227e+02,6.910000000000000000e+02,7.410000000000000000e+02,8.790000000000000000e+02,1.061000000000000000e+03,1.111000000000000000e+03,1.161000000000000000e+03,1.211000000000000000e+03,1.261000000000000000e+03,1.311000000000000000e+03,1.361000000000000000e+03,1.411000000000000000e+03,1.582000000000000000e+03,1.632000000000000000e+03,1.682000000000000000e+03,1.732000000000000000e+03,1.776000000000000000e+03,1.822000000000000000e+03,1.872000000000000000e+03,1.922000000000000000e+03,1.972000000000000000e+03,2.022000000000000000e+03,nan
2.195999999999999943e+02,6.946000000000000227e+02,1.017399999999999977e+03,7.220000000000000284e+01,6.523999999999999773e+02,1.208400000000000091e+03,9.907999999999999545e+02,8.917999999999999545e+02,6.743999999999999773e+02,3.888000000000000114e+02,2.631999999999999886e+02,8.643999999999999773e+02,2.035400000000000091e+03,2.664000000000000000e+03,3.076800000000000182e+03,3.367000000000000000e+03,3.317400000000000091e+03,3.303800000000000182e+03,3.724000000000000000e+03,4.132000000000000000e+03,4.210199999999999818e+03,3.834199999999999818e+03,3.618400000000000091e+03,3.211400000000000091e+03,0.000000000000000000e+00,0.000000000000000000e+00,0.000000000000000000e+00,0.000000000000000000e+00,0.000000000000000000e+00,0.000000000000000000e+00,0.000000000000000000e+00,nan,1.864200000000000045e+03,2.133599999999999909e+03,2.120000000000000000e+03,9.296000000000000227e+02,1.245599999999999909e+03,1.640000000000000000e+03,1.803400000000000091e+03,1.256400000000000091e+03,4.400000000000000000e+02,1.044000000000000057e+02,5.400000000000000000e+01,4.663999999999999773e+02,1.305799999999999955e+03,1.949599999999999909e+03,2.213800000000000182e+03,2.268000000000000000e+03,1.609000000000000000e+03,5.716000000000000227e+02,2.254000000000000057e+02,7.917999999999999545e+02,1.830000000000000000e+03,1.666200000000000045e+03,1.333400000000000091e+03,9.993999999999999773e+02,0.000000000000000000e+00,0.000000000000000000e+00,0.000000000000000000e+00,0.000000000000000000e+00,0.000000000000000000e+00,0.000000000000000000e+00,0.000000000000000000e+00,nan,2.000000000000000000e+01,7.200000000000000000e+01,1.441999999999999886e+02,2.510000000000000000e+02,3.010000000000000000e+02,3.510000000000000000e+02,4.710000000000000000e+02,5.210000000000000000e+02,5.710000000000000000e+02,6.210000000000000000e+02,6.710000000000000000e+02,7.210000000000000000e+02,8.833999999999999773e+02,1.102000000000000000e+03,1.152000000000000000e+03,1.202000000000000000e+03,1.252000000000000000e+03,1.292000000000000000e+03,1.342000000000000000e+03,1.422000000000000000e+03,1.592000000000000000e+03,1.642000000000000000e+03,1.692000000000000000e+03,1.740000000000000000e+03,1.782000000000000000e+03,1.832000000000000000e+03,1.882000000000000000e+03,1.932000000000000000e+03,1.982000000000000000e+03,2.032000000000000000e+03,2.082000000000000000e+03,nan
5.039999999999999858e+01,6.716000000000000227e+02,9.077999999999999545e+02,3.590000000000000000e+02,1.109599999999999909e+03,1.203799999999999955e+03,9.433999999999999773e+02,7.212000000000000455e+02,3.126000000000000227e+02,5.417999999999999545e+02,1.618400000000000091e+03,2.693599999999999909e+03,3.167599999999999909e+03,3.536199999999999818e+03,3.645800000000000182e+03,3.973800000000000182e+03,4.323800000000000182e+03,4.378800000000000182e+03,3.894400000000000091e+03,3.860000000000000000e+03,2.600599999999999909e+03,0.000000000000000000e+00,0.000000000000000000e+00,0.000000000000000000e+00,0.000000000000000000e+00,0.000000000000000000e+00,0.000000000000000000e+00,0.000000000000000000e+00,0.000000000000000000e+00,0.000000000000000000e+00,0.000000000000000000e+00,nan,1.715799999999999955e+03,2.085800000000000182e+03,1.864200000000000045e+03,9.977999999999999545e+02,1.417799999999999955e+03,1.762599999999999909e+03,1.322599999999999909e+03,5.053999999999999773e+02,4.379999999999999716e+01,2.758000000000000114e+02,1.004600000000000023e+03,2.186000000000000000e+03,2.433599999999999909e+03,2.146599999999999909e+03,1.088799999999999955e+03,4.516000000000000227e+02,1.231599999999999909e+03,1.787799999999999955e+03,1.524000000000000000e+03,1.268400000000000091e+03,7.500000000000000000e+02,0.000000000000000000e+00,0.000000000000000000e+00,0.000000000000000000e+00,0.000000000000000000e+00,0.000000000000000000e+00,0.000000000000000000e+00,0.000000000000000000e+00,0.000000000000000000e+00,0.000000000000000000e+00,0.000000000000000000e+00,nan,2.000000000000000000e+01,7.000000000000000000e+01,1.520000000000000000e+02,2.500000000000000000e+02,3.000000000000000000e+02,4.100000000000000000e+02,5.000000000000000000e+02,5.500000000000000000e+02,6.100000000000000000e+02,6.600000000000000000e+02,7.562000000000000455e+02,9.910000000000000000e+02,1.041000000000000000e+03,1.091000000000000000e+03,1.141000000000000000e+03,1.191000000000000000e+03,1.301000000000000000e+03,1.391000000000000000e+03,1.441000000000000000e+03,1.491000000000000000e+03,1.537000000000000000e+03,1.581000000000000000e+03,1.631000000000000000e+03,1.681000000000000000e+03,1.731000000000000000e+03,1.781000000000000000e+03,1.831000000000000000e+03,1.881000000000000000e+03,1.931000000000000000e+03,1.981000000000000000e+03,2.031000000000000000e+03,nan
4.560000000000000142e+01,6.900000000000000000e+02,8.322000000000000455e+02,1.125999999999999943e+02,7.927999999999999545e+02,1.230000000000000000e+03,9.280000000000000000e+02,8.417999999999999545e+02,6.736000000000000227e+02,2.550000000000000000e+02,6.316000000000000227e+02,1.576799999999999955e+03,2.631800000000000182e+03,2.939400000000000091e+03,3.298599999999999909e+03,3.311800000000000182e+03,3.234800000000000182e+03,3.688400000000000091e+03,4.218800000000000182e+03,4.172000000000000000e+03,3.620400000000000091e+03,3.460000000000000000e+03,2.396599999999999909e+03,0.000000000000000000e+00,0.000000000000000000e+00,0.000000000000000000e+00,0.000000000000000000e+00,0.000000000000000000e+00,0.000000000000000000e+00,0.000000000000000000e+00,0.000000000000000000e+00,nan,1.920400000000000091e+03,2.234400000000000091e+03,1.961400000000000091e+03,1.013000000000000000e+03,1.366799999999999955e+03,1.759799999999999955e+03,1.921400000000000091e+03,1.281200000000000045e+03,4.776000000000000227e+02,3.679999999999999716e+01,3.210000000000000000e+02,7.713999999999999773e+02,2.119599999999999909e+03,2.392599999999999909e+03,2.467199999999999818e+03,1.922799999999999955e+03,9.256000000000000227e+02,4.390000000000000000e+02,1.424599999999999909e+03,1.946000000000000000e+03,1.609599999999999909e+03,1.295200000000000045e+03,7.553999999999999773e+02,0.000000000000000000e+00,0.000000000000000000e+00,0.000000000000000000e+00,0.000000000000000000e+00,0.000000000000000000e+00,0.000000000000000000e+00,0.000000000000000000e+00,0.000000000000000000e+00,nan,2.000000000000000000e+01,7.000000000000000000e+01,1.480000000000000000e+02,2.400000000000000000e+02,2.900000000000000000e+02,3.560000000000000000e+02,4.700000000000000000e+02,5.200000000000000000e+02,5.700000000000000000e+02,6.510000000000000000e+02,7.010000000000000000e+02,7.510000000000000000e+02,1.001000000000000000e+03,1.051000000000000000e+03,1.101000000000000000e+03,1.151000000000000000e+03,1.201000000000000000e+03,1.251000000000000000e+03,1.397599999999999909e+03,1.512000000000000000e+03,1.562000000000000000e+03,1.612000000000000000e+03,1.658000000000000000e+03,1.702000000000000000e+03,1.752000000000000000e+03,1.802000000000000000e+03,1.852000000000000000e+03,1.902000000000000000e+03,1.952000000000000000e+03,2.002000000000000000e+03,2.052000000000000000e+03,nan
2.819999999999999929e+01,2.501999999999999886e+02,1.035799999999999955e+03,1.376000000000000000e+03,1.545999999999999943e+02,6.562000000000000455e+02,1.422400000000000091e+03,1.306000000000000000e+03,1.120799999999999955e+03,1.037200000000000045e+03,8.812000000000000455e+02,1.205400000000000091e+03,2.101199999999999818e+03,2.636199999999999818e+03,2.707199999999999818e+03,2.903400000000000091e+03,3.482199999999999818e+03,3.774800000000000182e+03,3.694400000000000091e+03,3.437599999999999909e+03,3.505800000000000182e+03,4.179000000000000000e+03,4.858399999999999636e+03,4.949199999999999818e+03,4.852600000000000364e+03,4.875600000000000364e+03,4.660199999999999818e+03,4.256399999999999636e+03,4.149399999999999636e+03,4.417000000000000000e+03,4.650800000000000182e+03,nan,2.406800000000000182e+03,2.568199999999999818e+03,2.944800000000000182e+03,3.091400000000000091e+03,7.420000000000000000e+02,1.071799999999999955e+03,1.605799999999999955e+03,2.005599999999999909e+03,2.236400000000000091e+03,1.641799999999999955e+03,5.432000000000000455e+02,3.720000000000000284e+01,3.983999999999999773e+02,7.293999999999999773e+02,1.402400000000000091e+03,2.593599999999999909e+03,2.946800000000000182e+03,3.046400000000000091e+03,2.617400000000000091e+03,1.626799999999999955e+03,7.812000000000000455e+02,7.640000000000000000e+02,1.149799999999999955e+03,1.301400000000000091e+03,1.854599999999999909e+03,2.441800000000000182e+03,2.382800000000000182e+03,1.979400000000000091e+03,1.747000000000000000e+03,1.728000000000000000e+03,1.705799999999999955e+03,nan,2.000000000000000000e+01,7.000000000000000000e+01,1.200000000000000000e+02,1.700000000000000000e+02,4.300000000000000000e+02,4.800000000000000000e+02,5.300000000000000000e+02,6.346000000000000227e+02,7.210000000000000000e+02,7.710000000000000000e+02,8.210000000000000000e+02,8.710000000000000000e+02,9.210000000000000000e+02,9.710000000000000000e+02,1.105400000000000091e+03,1.282000000000000000e+03,1.332000000000000000e+03,1.382000000000000000e+03,1.432000000000000000e+03,1.482000000000000000e+03,1.532000000000000000e+03,1.582000000000000000e+03,1.632000000000000000e+03,1.682000000000000000e+03,1.762000000000000000e+03,1.832000000000000000e+03,1.882000000000000000e+03,1.932000000000000000e+03,1.982000000000000000e+03,2.032000000000000000e+03,2.082000000000000000e+03,nan
5.520000000000000284e+01,4.300000000000000000e+01,5.606000000000000227e+02,8.356000000000000227e+02,1.484000000000000057e+02,6.877999999999999545e+02,1.236200000000000045e+03,1.089000000000000000e+03,9.386000000000000227e+02,8.793999999999999773e+02,7.866000000000000227e+02,1.146400000000000091e+03,2.035000000000000000e+03,2.647000000000000000e+03,2.711800000000000182e+03,3.075400000000000091e+03,3.623599999999999909e+03,4.185199999999999818e+03,4.320399999999999636e+03,4.171800000000000182e+03,4.265000000000000000e+03,4.908399999999999636e+03,5.502000000000000000e+03,5.429199999999999818e+03,5.152399999999999636e+03,5.067199999999999818e+03,4.725600000000000364e+03,4.514600000000000364e+03,4.774399999999999636e+03,5.279199999999999818e+03,5.406000000000000000e+03,nan,1.877200000000000045e+03,1.998200000000000045e+03,2.383000000000000000e+03,2.373800000000000182e+03,1.027200000000000045e+03,1.285200000000000045e+03,1.620400000000000091e+03,1.771200000000000045e+03,1.844200000000000045e+03,1.228400000000000091e+03,3.121999999999999886e+02,5.720000000000000284e+01,5.098000000000000114e+02,8.562000000000000455e+02,8.970000000000000000e+02,2.185000000000000000e+03,2.857599999999999909e+03,3.061000000000000000e+03,2.720199999999999818e+03,1.806200000000000045e+03,1.060400000000000091e+03,1.098599999999999909e+03,1.466200000000000045e+03,1.665000000000000000e+03,2.536599999999999909e+03,2.619599999999999909e+03,2.214400000000000091e+03,1.776200000000000045e+03,1.638200000000000045e+03,1.743000000000000000e+03,1.761000000000000000e+03,nan,2.000000000000000000e+01,7.000000000000000000e+01,1.200000000000000000e+02,1.920000000000000000e+02,3.300000000000000000e+02,3.800000000000000000e+02,4.300000000000000000e+02,5.226000000000000227e+02,6.110000000000000000e+02,6.610000000000000000e+02,7.110000000000000000e+02,7.610000000000000000e+02,8.110000000000000000e+02,8.610000000000000000e+02,9.110000000000000000e+02,1.225799999999999955e+03,1.342000000000000000e+03,1.392000000000000000e+03,1.442000000000000000e+03,1.492000000000000000e+03,1.542000000000000000e+03,1.592000000000000000e+03,1.642000000000000000e+03,1.702000000000000000e+03,1.792000000000000000e+03,1.842000000000000000e+03,1.892000000000000000e+03,1.942000000000000000e+03,1.992000000000000000e+03,2.042000000000000000e+03,2.092000000000000000e+03,nan
1.608000000000000114e+02,1.272000000000000028e+02,6.287999999999999545e+02,1.272000000000000000e+03,9.142000000000000455e+02,1.265999999999999943e+02,8.926000000000000227e+02,1.590200000000000045e+03,1.326799999999999955e+03,1.065599999999999909e+03,1.039000000000000000e+03,8.192000000000000455e+02,8.343999999999999773e+02,1.470799999999999955e+03,2.231199999999999818e+03,2.646400000000000091e+03,3.295400000000000091e+03,3.752000000000000000e+03,4.249199999999999818e+03,4.275399999999999636e+03,4.063199999999999818e+03,4.209800000000000182e+03,4.872600000000000364e+03,5.373399999999999636e+03,5.289600000000000364e+03,5.240399999999999636e+03,5.064600000000000364e+03,4.721199999999999818e+03,4.664600000000000364e+03,5.001199999999999818e+03,5.427000000000000000e+03,nan,2.357000000000000000e+03,2.404400000000000091e+03,2.542800000000000182e+03,2.673000000000000000e+03,2.127400000000000091e+03,1.302799999999999955e+03,1.500200000000000045e+03,1.579799999999999955e+03,1.619000000000000000e+03,1.606799999999999955e+03,1.123599999999999909e+03,3.806000000000000227e+02,3.200000000000000000e+01,1.490000000000000000e+02,3.523999999999999773e+02,6.976000000000000227e+02,2.096000000000000000e+03,2.301400000000000091e+03,2.242800000000000182e+03,1.728599999999999909e+03,9.933999999999999773e+02,5.440000000000000000e+02,5.933999999999999773e+02,8.232000000000000455e+02,1.293599999999999909e+03,2.059400000000000091e+03,1.924000000000000000e+03,1.561799999999999955e+03,1.384799999999999955e+03,1.307799999999999955e+03,1.239799999999999955e+03,nan,2.000000000000000000e+01,7.000000000000000000e+01,1.200000000000000000e+02,1.700000000000000000e+02,2.683999999999999773e+02,3.910000000000000000e+02,4.410000000000000000e+02,4.910000000000000000e+02,5.830000000000000000e+02,6.610000000000000000e+02,7.110000000000000000e+02,7.610000000000000000e+02,8.110000000000000000e+02,8.610000000000000000e+02,9.110000000000000000e+02,1.011200000000000045e+03,1.262000000000000000e+03,1.312000000000000000e+03,1.362000000000000000e+03,1.412000000000000000e+03,1.462000000000000000e+03,1.512000000000000000e+03,1.562000000000000000e+03,1.612000000000000000e+03,1.690400000000000091e+03,1.783000000000000000e+03,1.833000000000000000e+03,1.883000000000000000e+03,1.933000000000000000e+03,1.983000000000000000e+03,2.033000000000000000e+03,nan
2.270000000000000000e+02,3.321999999999999886e+02,8.626000000000000227e+02,6.980000000000000000e+02,1.761999999999999886e+02,9.523999999999999773e+02,1.611599999999999909e+03,1.407400000000000091e+03,1.214799999999999955e+03,1.080200000000000045e+03,9.030000000000000000e+02,1.185000000000000000e+03,2.003599999999999909e+03,2.684800000000000182e+03,2.948199999999999818e+03,3.646800000000000182e+03,4.202600000000000364e+03,4.578600000000000364e+03,4.507600000000000364e+03,4.216199999999999818e+03,4.288600000000000364e+03,4.872600000000000364e+03,5.357600000000000364e+03,5.349800000000000182e+03,5.364800000000000182e+03,5.300399999999999636e+03,4.928000000000000000e+03,4.769199999999999818e+03,4.992000000000000000e+03,5.404199999999999818e+03,5.469000000000000000e+03,nan,2.341599999999999909e+03,2.410400000000000091e+03,2.632199999999999818e+03,2.072599999999999909e+03,1.066200000000000045e+03,1.365200000000000045e+03,1.588400000000000091e+03,1.760200000000000045e+03,1.832799999999999955e+03,1.232400000000000091e+03,3.781999999999999886e+02,2.700000000000000000e+01,2.551999999999999886e+02,5.076000000000000227e+02,8.712000000000000455e+02,2.296599999999999909e+03,2.479400000000000091e+03,2.313599999999999909e+03,1.708799999999999955e+03,8.757999999999999545e+02,4.651999999999999886e+02,6.257999999999999545e+02,8.597999999999999545e+02,1.121599999999999909e+03,1.923799999999999955e+03,2.007400000000000091e+03,1.712400000000000091e+03,1.417000000000000000e+03,1.309200000000000045e+03,1.281599999999999909e+03,1.265000000000000000e+03,nan,2.000000000000000000e+01,7.000000000000000000e+01,1.200000000000000000e+02,2.224000000000000057e+02,3.510000000000000000e+02,4.010000000000000000e+02,4.510000000000000000e+02,5.670000000000000000e+02,6.610000000000000000e+02,7.110000000000000000e+02,7.610000000000000000e+02,8.110000000000000000e+02,8.610000000000000000e+02,9.110000000000000000e+02,1.009200000000000045e+03,1.252000000000000000e+03,1.302000000000000000e+03,1.352000000000000000e+03,1.402000000000000000e+03,1.452000000000000000e+03,1.502000000000000000e+03,1.552000000000000000e+03,1.602000000000000000e+03,1.662200000000000045e+03,1.753000000000000000e+03,1.803000000000000000e+03,1.853000000000000000e+03,1.903000000000000000e+03,1.953000000000000000e+03,2.003000000000000000e+03,2.053000000000000000e+03,nan
5.883999999999999773e+02,1.050599999999999909e+03,1.583799999999999955e+03,3.720000000000000284e+01,6.330000000000000000e+02,1.801799999999999955e+03,2.064199999999999818e+03,1.433799999999999955e+03,1.414599999999999909e+03,1.265200000000000045e+03,1.433599999999999909e+03,2.066599999999999909e+03,2.628000000000000000e+03,2.692199999999999818e+03,3.779000000000000000e+03,4.179199999999999818e+03,4.654199999999999818e+03,4.692800000000000182e+03,4.441600000000000364e+03,4.513600000000000364e+03,5.144000000000000000e+03,5.667800000000000182e+03,5.649800000000000182e+03,5.616800000000000182e+03,5.476800000000000182e+03,5.036600000000000364e+03,4.874600000000000364e+03,5.136600000000000364e+03,5.575600000000000364e+03,4.595600000000000364e+03,0.000000000000000000e+00,nan,2.136400000000000091e+03,2.347599999999999909e+03,2.591599999999999909e+03,6.206000000000000227e+02,9.296000000000000227e+02,1.596000000000000000e+03,1.754799999999999955e+03,1.729400000000000091e+03,1.340400000000000091e+03,4.996000000000000227e+02,4.079999999999999716e+01,2.515999999999999943e+02,5.520000000000000000e+02,5.910000000000000000e+02,2.277400000000000091e+03,2.606199999999999818e+03,2.634199999999999818e+03,2.074599999999999909e+03,1.203200000000000045e+03,6.713999999999999773e+02,7.632000000000000455e+02,1.041799999999999955e+03,1.341799999999999955e+03,2.192599999999999909e+03,2.167599999999999909e+03,1.758400000000000091e+03,1.523200000000000045e+03,1.485799999999999955e+03,1.424200000000000045e+03,1.093400000000000091e+03,0.000000000000000000e+00,nan,2.000000000000000000e+01,7.000000000000000000e+01,1.200000000000000000e+02,3.310000000000000000e+02,3.810000000000000000e+02,4.310000000000000000e+02,5.030000000000000000e+02,6.410000000000000000e+02,6.910000000000000000e+02,7.410000000000000000e+02,7.910000000000000000e+02,8.410000000000000000e+02,8.910000000000000000e+02,9.410000000000000000e+02,1.322000000000000000e+03,1.372000000000000000e+03,1.422000000000000000e+03,1.472000000000000000e+03,1.522000000000000000e+03,1.572000000000000000e+03,1.622000000000000000e+03,1.672799999999999955e+03,1.735000000000000000e+03,1.833000000000000000e+03,1.883000000000000000e+03,1.933000000000000000e+03,1.983000000000000000e+03,2.033000000000000000e+03,2.083000000000000000e+03,2.131000000000000000e+03,2.173000000000000000e+03,nan
2.390000000000000000e+02,7.123999999999999773e+02,4.760000000000000000e+02,8.659999999999999432e+01,5.797999999999999545e+02,1.004799999999999955e+03,8.386000000000000227e+02,7.157999999999999545e+02,4.623999999999999773e+02,2.394000000000000057e+02,2.538000000000000114e+02,7.686000000000000227e+02,1.608200000000000045e+03,2.914000000000000000e+03,3.031199999999999818e+03,3.510599999999999909e+03,3.882400000000000091e+03,3.731400000000000091e+03,3.317000000000000000e+03,3.154199999999999818e+03,3.604800000000000182e+03,4.329199999999999818e+03,4.328000000000000000e+03,4.101600000000000364e+03,3.763199999999999818e+03,4.096800000000000182e+03,2.878400000000000091e+03,0.000000000000000000e+00,0.000000000000000000e+00,0.000000000000000000e+00,0.000000000000000000e+00,nan,2.471000000000000000e+03,2.696199999999999818e+03,2.080199999999999818e+03,1.444599999999999909e+03,1.745599999999999909e+03,2.097800000000000182e+03,2.428400000000000091e+03,2.000200000000000045e+03,1.083599999999999909e+03,2.458000000000000114e+02,2.319999999999999929e+01,3.386000000000000227e+02,9.353999999999999773e+02,2.645000000000000000e+03,2.717400000000000091e+03,2.980000000000000000e+03,3.148199999999999818e+03,2.862599999999999909e+03,2.029799999999999955e+03,1.031400000000000091e+03,4.256000000000000227e+02,4.626000000000000227e+02,1.883000000000000000e+03,2.140599999999999909e+03,1.707400000000000091e+03,1.483000000000000000e+03,7.947999999999999545e+02,0.000000000000000000e+00,0.000000000000000000e+00,0.000000000000000000e+00,0.000000000000000000e+00,nan,2.000000000000000000e+01,7.000000000000000000e+01,1.860000000000000000e+02,2.800000000000000000e+02,3.300000000000000000e+02,3.800000000000000000e+02,4.910000000000000000e+02,5.410000000000000000e+02,5.910000000000000000e+02,6.410000000000000000e+02,6.910000000000000000e+02,7.410000000000000000e+02,7.910000000000000000e+02,1.422000000000000000e+03,1.472000000000000000e+03,1.522000000000000000e+03,1.572000000000000000e+03,1.622000000000000000e+03,1.672000000000000000e+03,1.722000000000000000e+03,1.772000000000000000e+03,1.822000000000000000e+03,2.008799999999999955e+03,2.093000000000000000e+03,2.143000000000000000e+03,2.193000000000000000e+03,2.239000000000000000e+03,2.283000000000000000e+03,2.333000000000000000e+03,2.383000000000000000e+03,2.433000000000000000e+03,nan
1.814000000000000057e+02,2.806000000000000227e+02,7.996000000000000227e+02,2.980000000000000071e+01,3.100000000000000000e+02,9.913999999999999773e+02,1.176200000000000045e+03,1.013600000000000023e+03,9.710000000000000000e+02,9.186000000000000227e+02,6.710000000000000000e+02,5.437999999999999545e+02,8.310000000000000000e+02,1.636599999999999909e+03,2.559599999999999909e+03,2.901400000000000091e+03,3.496199999999999818e+03,4.120000000000000000e+03,4.069000000000000000e+03,3.718199999999999818e+03,3.645000000000000000e+03,4.171600000000000364e+03,4.693000000000000000e+03,4.660399999999999636e+03,4.318399999999999636e+03,4.221199999999999818e+03,4.651399999999999636e+03,3.103199999999999818e+03,0.000000000000000000e+00,0.000000000000000000e+00,0.000000000000000000e+00,nan,2.237599999999999909e+03,2.215199999999999818e+03,2.444400000000000091e+03,1.147599999999999909e+03,1.146400000000000091e+03,1.443400000000000091e+03,1.948000000000000000e+03,1.935000000000000000e+03,1.242200000000000045e+03,5.302000000000000455e+02,1.067999999999999972e+02,6.799999999999999822e+00,2.011999999999999886e+02,7.136000000000000227e+02,1.806400000000000091e+03,2.384599999999999909e+03,2.739199999999999818e+03,3.036400000000000091e+03,2.711800000000000182e+03,1.762400000000000091e+03,8.306000000000000227e+02,5.603999999999999773e+02,1.242599999999999909e+03,2.147000000000000000e+03,1.881400000000000091e+03,1.597799999999999955e+03,1.407799999999999955e+03,7.643999999999999773e+02,0.000000000000000000e+00,0.000000000000000000e+00,0.000000000000000000e+00,nan,2.000000000000000000e+01,7.000000000000000000e+01,1.200000000000000000e+02,2.910000000000000000e+02,3.410000000000000000e+02,3.910000000000000000e+02,5.010000000000000000e+02,5.910000000000000000e+02,6.410000000000000000e+02,6.910000000000000000e+02,7.410000000000000000e+02,7.910000000000000000e+02,8.410000000000000000e+02,8.910000000000000000e+02,1.247599999999999909e+03,1.502000000000000000e+03,1.552000000000000000e+03,1.602000000000000000e+03,1.652000000000000000e+03,1.702000000000000000e+03,1.743000000000000000e+03,1.793000000000000000e+03,1.903000000000000000e+03,2.043000000000000000e+03,2.093000000000000000e+03,2.143000000000000000e+03,2.193000000000000000e+03,2.239000000000000000e+03,2.283000000000000000e+03,2.333000000000000000e+03,2.383000000000000000e+03,nan
3.406000000000000227e+02,5.850000000000000000e+02,1.148000000000000000e+03,3.091999999999999886e+02,1.944000000000000057e+02,8.583999999999999773e+02,1.538799999999999955e+03,1.090400000000000091e+03,1.089599999999999909e+03,1.015000000000000000e+03,8.237999999999999545e+02,5.392000000000000455e+02,4.638000000000000114e+02,8.873999999999999773e+02,1.789000000000000000e+03,2.915000000000000000e+03,3.221000000000000000e+03,3.803199999999999818e+03,4.051400000000000091e+03,3.824800000000000182e+03,3.483000000000000000e+03,3.521000000000000000e+03,4.171199999999999818e+03,4.743399999999999636e+03,4.254000000000000000e+03,4.047199999999999818e+03,3.858000000000000000e+03,4.310399999999999636e+03,9.453999999999999773e+02,0.000000000000000000e+00,0.000000000000000000e+00,nan,2.454400000000000091e+03,2.524599999999999909e+03,2.735599999999999909e+03,1.603200000000000045e+03,1.261000000000000000e+03,1.527200000000000045e+03,1.848799999999999955e+03,2.235199999999999818e+03,1.958400000000000091e+03,1.258799999999999955e+03,5.090000000000000000e+02,8.159999999999999432e+01,1.259999999999999964e+01,2.813999999999999773e+02,8.736000000000000227e+02,2.244599999999999909e+03,2.604000000000000000e+03,2.925400000000000091e+03,2.982400000000000091e+03,2.488400000000000091e+03,1.454799999999999955e+03,6.860000000000000000e+02,5.153999999999999773e+02,1.063000000000000000e+03,2.318800000000000182e+03,2.068400000000000091e+03,1.704799999999999955e+03,1.519599999999999909e+03,2.803999999999999773e+02,0.000000000000000000e+00,0.000000000000000000e+00,nan,2.000000000000000000e+01,7.000000000000000000e+01,1.200000000000000000e+02,2.740000000000000000e+02,3.500000000000000000e+02,4.000000000000000000e+02,4.500000000000000000e+02,5.810000000000000000e+02,6.310000000000000000e+02,6.810000000000000000e+02,7.310000000000000000e+02,7.810000000000000000e+02,8.310000000000000000e+02,8.810000000000000000e+02,9.310000000000000000e+02,1.269799999999999955e+03,1.392000000000000000e+03,1.442000000000000000e+03,1.492000000000000000e+03,1.542000000000000000e+03,1.592000000000000000e+03,1.642000000000000000e+03,1.692000000000000000e+03,1.778200000000000045e+03,1.973000000000000000e+03,2.023000000000000000e+03,2.073000000000000000e+03,2.123000000000000000e+03,2.165000000000000000e+03,2.213000000000000000e+03,2.263000000000000000e+03,nan
3.310000000000000000e+02,6.782000000000000455e+02,1.444200000000000045e+03,7.786000000000000227e+02,1.205999999999999943e+02,8.480000000000000000e+02,1.431599999999999909e+03,1.175200000000000045e+03,1.072799999999999955e+03,7.776000000000000227e+02,8.112000000000000455e+02,1.627000000000000000e+03,2.664400000000000091e+03,2.672800000000000182e+03,3.022800000000000182e+03,3.347199999999999818e+03,3.362199999999999818e+03,3.108800000000000182e+03,2.918199999999999818e+03,3.221000000000000000e+03,3.881599999999999909e+03,4.062199999999999818e+03,3.938000000000000000e+03,3.623199999999999818e+03,3.303000000000000000e+03,3.540000000000000000e+03,7.816000000000000227e+02,0.000000000000000000e+00,0.000000000000000000e+00,0.000000000000000000e+00,0.000000000000000000e+00,nan,1.783799999999999955e+03,1.918200000000000045e+03,2.147000000000000000e+03,1.357400000000000091e+03,6.090000000000000000e+02,8.937999999999999545e+02,1.125599999999999909e+03,1.471400000000000091e+03,1.200799999999999955e+03,5.090000000000000000e+02,3.800000000000000000e+01,4.700000000000000000e+02,1.661000000000000000e+03,1.683400000000000091e+03,1.841599999999999909e+03,1.927599999999999909e+03,1.758599999999999909e+03,1.210200000000000045e+03,5.613999999999999773e+02,1.965999999999999943e+02,2.700000000000000000e+02,8.016000000000000227e+02,1.399799999999999955e+03,1.304000000000000000e+03,1.076200000000000045e+03,9.263999999999999773e+02,1.840000000000000000e+02,0.000000000000000000e+00,0.000000000000000000e+00,0.000000000000000000e+00,0.000000000000000000e+00,nan,2.000000000000000000e+01,7.000000000000000000e+01,1.200000000000000000e+02,2.365999999999999943e+02,3.310000000000000000e+02,3.810000000000000000e+02,4.310000000000000000e+02,5.710000000000000000e+02,6.210000000000000000e+02,6.710000000000000000e+02,7.210000000000000000e+02,8.512000000000000455e+02,1.222000000000000000e+03,1.272000000000000000e+03,1.322000000000000000e+03,1.372000000000000000e+03,1.422000000000000000e+03,1.472000000000000000e+03,1.522000000000000000e+03,1.572000000000000000e+03,1.622000000000000000e+03,1.712400000000000091e+03,1.823000000000000000e+03,1.873000000000000000e+03,1.923000000000000000e+03,1.973000000000000000e+03,2.015000000000000000e+03,2.063000000000000000e+03,2.113000000000000000e+03,2.163000000000000000e+03,2.213000000000000000e+03,nan
2.510000000000000000e+02,9.650000000000000000e+02,1.744400000000000091e+03,1.012000000000000028e+02,3.438000000000000114e+02,1.208200000000000045e+03,1.357000000000000000e+03,1.200799999999999955e+03,8.940000000000000000e+02,8.527999999999999545e+02,1.771599999999999909e+03,2.911400000000000091e+03,3.090199999999999818e+03,3.499000000000000000e+03,3.551800000000000182e+03,3.318199999999999818e+03,3.238800000000000182e+03,3.575199999999999818e+03,4.204000000000000000e+03,4.346600000000000364e+03,4.128000000000000000e+03,3.658400000000000091e+03,3.603400000000000091e+03,2.424800000000000182e+03,0.000000000000000000e+00,0.000000000000000000e+00,0.000000000000000000e+00,0.000000000000000000e+00,0.000000000000000000e+00,0.000000000000000000e+00,0.000000000000000000e+00,nan,1.868400000000000091e+03,2.156000000000000000e+03,2.394000000000000000e+03,7.703999999999999773e+02,6.887999999999999545e+02,1.047200000000000045e+03,1.499799999999999955e+03,1.458400000000000091e+03,6.882000000000000455e+02,6.959999999999999432e+01,4.590000000000000000e+02,1.802200000000000045e+03,1.911000000000000000e+03,2.085400000000000091e+03,1.894599999999999909e+03,1.215799999999999955e+03,5.506000000000000227e+02,2.806000000000000227e+02,3.858000000000000114e+02,1.254000000000000000e+03,1.671000000000000000e+03,1.397000000000000000e+03,1.158599999999999909e+03,6.507999999999999545e+02,0.000000000000000000e+00,0.000000000000000000e+00,0.000000000000000000e+00,0.000000000000000000e+00,0.000000000000000000e+00,0.000000000000000000e+00,0.000000000000000000e+00,nan,2.000000000000000000e+01,7.000000000000000000e+01,1.200000000000000000e+02,2.700000000000000000e+02,3.200000000000000000e+02,3.700000000000000000e+02,4.860000000000000000e+02,5.800000000000000000e+02,6.300000000000000000e+02,6.800000000000000000e+02,7.922000000000000455e+02,1.091000000000000000e+03,1.141000000000000000e+03,1.191000000000000000e+03,1.241000000000000000e+03,1.291000000000000000e+03,1.342000000000000000e+03,1.392000000000000000e+03,1.442000000000000000e+03,1.564000000000000000e+03,1.662000000000000000e+03,1.712000000000000000e+03,1.762000000000000000e+03,1.808000000000000000e+03,1.852000000000000000e+03,1.902000000000000000e+03,1.952000000000000000e+03,2.002000000000000000e+03,2.052000000000000000e+03,2.102000000000000000e+03,2.152000000000000000e+03,nan
1.381999999999999886e+02,8.360000000000000000e+02,1.509400000000000091e+03,8.600000000000000000e+01,5.883999999999999773e+02,1.324799999999999955e+03,1.303599999999999909e+03,1.083200000000000045e+03,7.983999999999999773e+02,6.636000000000000227e+02,1.170200000000000045e+03,2.354800000000000182e+03,2.835400000000000091e+03,3.321199999999999818e+03,3.650199999999999818e+03,3.541599999999999909e+03,3.278599999999999909e+03,3.294599999999999909e+03,3.776400000000000091e+03,4.303199999999999818e+03,4.372399999999999636e+03,4.192000000000000000e+03,3.786000000000000000e+03,3.740800000000000182e+03,3.441400000000000091e+03,0.000000000000000000e+00,0.000000000000000000e+00,0.000000000000000000e+00,0.000000000000000000e+00,0.000000000000000000e+00,0.000000000000000000e+00,nan,1.812200000000000045e+03,2.087599999999999909e+03,2.266199999999999818e+03,7.497999999999999545e+02,8.370000000000000000e+02,1.154400000000000091e+03,1.450799999999999955e+03,1.472400000000000091e+03,7.972000000000000455e+02,1.458000000000000114e+02,1.304000000000000057e+02,1.323799999999999955e+03,1.991200000000000045e+03,2.174800000000000182e+03,2.211000000000000000e+03,1.861400000000000091e+03,1.091799999999999955e+03,4.550000000000000000e+02,2.378000000000000114e+02,3.831999999999999886e+02,1.412200000000000045e+03,1.622599999999999909e+03,1.347200000000000045e+03,1.099200000000000045e+03,8.286000000000000227e+02,0.000000000000000000e+00,0.000000000000000000e+00,0.000000000000000000e+00,0.000000000000000000e+00,0.000000000000000000e+00,0.000000000000000000e+00,nan,2.000000000000000000e+01,7.000000000000000000e+01,1.200000000000000000e+02,2.600000000000000000e+02,3.100000000000000000e+02,3.600000000000000000e+02,4.526000000000000227e+02,5.310000000000000000e+02,5.810000000000000000e+02,6.310000000000000000e+02,6.810000000000000000e+02,8.990000000000000000e+02,1.061000000000000000e+03,1.103000000000000000e+03,1.151000000000000000e+03,1.201000000000000000e+03,1.251000000000000000e+03,1.301000000000000000e+03,1.351000000000000000e+03,1.401000000000000000e+03,1.547799999999999955e+03,1.622000000000000000e+03,1.672000000000000000e+03,1.722000000000000000e+03,1.770000000000000000e+03,1.812000000000000000e+03,1.862000000000000000e+03,1.912000000000000000e+03,1.962000000000000000e+03,2.012000000000000000e+03,2.062000000000000000e+03,nan
2.190000000000000000e+02,7.260000000000000000e+02,1.650799999999999955e+03,4.580000000000000000e+02,2.230000000000000000e+02,1.152400000000000091e+03,1.658000000000000000e+03,1.384599999999999909e+03,1.160599999999999909e+03,9.263999999999999773e+02,1.388799999999999955e+03,2.569400000000000091e+03,3.297000000000000000e+03,3.725199999999999818e+03,4.021000000000000000e+03,3.875199999999999818e+03,3.648199999999999818e+03,3.936199999999999818e+03,4.757199999999999818e+03,4.859000000000000000e+03,4.502399999999999636e+03,4.111399999999999636e+03,4.248800000000000182e+03,1.922200000000000045e+03,0.000000000000000000e+00,0.000000000000000000e+00,0.000000000000000000e+00,0.000000000000000000e+00,0.000000000000000000e+00,0.000000000000000000e+00,0.000000000000000000e+00,nan,2.006400000000000091e+03,2.270599999999999909e+03,2.617199999999999818e+03,1.326599999999999909e+03,8.107999999999999545e+02,1.208000000000000000e+03,1.713599999999999909e+03,1.884599999999999909e+03,1.189400000000000091e+03,3.021999999999999886e+02,6.779999999999999716e+01,1.006399999999999977e+03,2.007400000000000091e+03,2.207599999999999909e+03,2.224199999999999818e+03,1.765799999999999955e+03,9.890000000000000000e+02,5.427999999999999545e+02,6.066000000000000227e+02,1.336200000000000045e+03,1.715799999999999955e+03,1.463799999999999955e+03,1.259799999999999955e+03,4.868000000000000114e+02,0.000000000000000000e+00,0.000000000000000000e+00,0.000000000000000000e+00,0.000000000000000000e+00,0.000000000000000000e+00,0.000000000000000000e+00,0.000000000000000000e+00,nan,2.000000000000000000e+01,7.000000000000000000e+01,1.200000000000000000e+02,2.420000000000000000e+02,3.100000000000000000e+02,3.600000000000000000e+02,4.543999999999999773e+02,5.710000000000000000e+02,6.210000000000000000e+02,6.710000000000000000e+02,7.210000000000000000e+02,8.950000000000000000e+02,1.131000000000000000e+03,1.181000000000000000e+03,1.231000000000000000e+03,1.281000000000000000e+03,1.331000000000000000e+03,1.381000000000000000e+03,1.431000000000000000e+03,1.571599999999999909e+03,1.682000000000000000e+03,1.732000000000000000e+03,1.782000000000000000e+03,1.826000000000000000e+03,1.872000000000000000e+03,1.922000000000000000e+03,1.972000000000000000e+03,2.022000000000000000e+03,2.072000000000000000e+03,2.122000000000000000e+03,2.172000000000000000e+03,nan
